timestamp,USDT_ARS_Parallel_sell_price,USDT_ARS_TradingView_open,USDT_ARS_TradingView_close,USDT_ARS_TradingView_high,USDT_ARS_TradingView_low,USDT_ARS_TradingView_volume,USD_ARS_Official_open,USD_ARS_Official_close,USD_ARS_Official_high,USD_ARS_Official_low
2022-01-01,,,,,,,,,,
2022-01-02,,,,,,,102.68,102.9,103.04,102.64
2022-01-03,206.0,,,,,,102.9,103.09,103.09,102.9
2022-01-04,206.5,,,,,,103.09,103.04,103.15,102.97
2022-01-05,207.0,,,,,,103.09,103.22,103.23,103.05
2022-01-06,208.5,,,,,,103.22,103.28,103.29,103.22
2022-01-07,208.5,,,,,,,,,
2022-01-08,,,,,,,,,,
2022-01-09,,,,,,,103.28,103.45,103.5,103.28
2022-01-10,206.5,,,,,,103.45,103.46,103.58,103.45
2022-01-11,207.0,,,,,,103.46,103.66,103.66,103.46
2022-01-12,208.5,,,,,,103.66,103.76,103.76,103.5
2022-01-13,209.0,,,,,,103.76,103.84,103.87,103.76
2022-01-14,209.0,,,,,,,,,
2022-01-15,,,,,,,,,,
2022-01-16,,,,,,,103.84,104.02,104.02,103.84
2022-01-17,209.0,,,,,,104.02,104.06,104.19,103.97
2022-01-18,209.5,,,,,,104.06,104.14,104.25,104.06
2022-01-19,212.0,,,,,,104.14,104.21,104.31,104.14
2022-01-20,213.0,,,,,,104.21,104.34,104.36,104.17
2022-01-21,218.0,,,,,,,,,
2022-01-22,,,,,,,,,,
2022-01-23,,,,,,,104.34,104.47,104.54,104.25
2022-01-24,219.0,,,,,,104.47,104.61,104.62,104.25
2022-01-25,219.5,,,,,,104.61,104.7,104.7,104.42
2022-01-26,220.5,,,,,,104.7,104.75,104.76,104.58
2022-01-27,223.5,,,,,,104.75,104.83,104.83,104.73
2022-01-28,213.0,,,,,,,,,
2022-01-29,,,,,,,,,,
2022-01-30,,,,,,,104.83,105.0,105.02,104.73
2022-01-31,212.5,,,,,,105.0,105.11,105.14,105.0
2022-02-01,213.5,,,,,,105.11,105.15,105.21,105.0
2022-02-02,216.5,,,,,,105.15,105.27,105.31,105.0
2022-02-03,216.0,,,,,,105.27,105.3,105.41,105.27
2022-02-04,213.0,,,,,,,,,
2022-02-05,,,,,,,,,,
2022-02-06,,,,,,,105.3,105.57,105.7,105.3
2022-02-07,214.0,,,,,,105.57,105.8,105.8,105.57
2022-02-08,215.0,,,,,,105.8,105.88,105.91,105.7
2022-02-09,216.0,,,,,,105.88,106.01,106.01,105.88
2022-02-10,216.0,,,,,,106.01,106.14,106.14,105.7
2022-02-11,214.5,,,,,,,,,
2022-02-12,,,,,,,,,,
2022-02-13,,,,,,,106.14,106.25,106.43,106.0
2022-02-14,215.5,,,,,,106.25,106.35,106.47,106.25
2022-02-15,215.0,,,,,,106.35,106.46,106.58,106.35
2022-02-16,215.0,,,,,,106.46,106.67,106.67,106.46
2022-02-17,214.0,,,,,,106.67,106.78,106.78,106.56
2022-02-18,211.0,,,,,,,,,
2022-02-19,,,,,,,,,,
2022-02-20,,,,,,,106.78,107.06,107.06,106.78
2022-02-21,211.0,,,,,,107.06,107.19,107.19,107.03
2022-02-22,210.0,,,,,,107.19,107.28,107.32,107.08
2022-02-23,210.0,,,,,,107.28,107.37,107.41,107.17
2022-02-24,210.0,,,,,,107.37,107.44,107.44,107.27
2022-02-25,210.5,,,,,,,,,
2022-02-26,,,,,,,,,,
2022-02-27,,,,,,,107.44,107.39,107.44,107.27
2022-02-28,,,,,,,107.39,107.39,107.39,107.33
2022-03-01,,,,,,,107.39,107.82,107.95,107.33
2022-03-02,206.5,,,,,,107.82,108.03,108.04,107.82
2022-03-03,205.0,,,,,,108.03,108.02,113.42,107.83
2022-03-04,201.0,,,,,,,,,
2022-03-05,,,,,,,,,,
2022-03-06,,,,,,,108.02,108.44,108.46,108.02
2022-03-07,200.5,,,,,,108.44,108.55,108.55,108.36
2022-03-08,202.0,,,,,,108.55,108.69,108.69,108.36
2022-03-09,203.0,,,,,,108.69,108.77,108.79,108.69
2022-03-10,,,,,,,108.77,108.77,108.88,108.69
2022-03-11,201.0,,,,,,,,,
2022-03-12,,,,,,,,,,
2022-03-13,,,,,,,108.77,109.19,109.24,108.77
2022-03-14,201.5,,,,,,109.19,109.2,109.31,109.0
2022-03-15,199.0,,,,,,109.2,109.41,109.42,109.2
2022-03-16,201.0,,,,,,109.41,109.51,109.52,109.31
2022-03-17,203.0,,,,,,109.51,109.67,109.67,109.51
2022-03-18,202.0,,,,,,,,,
2022-03-19,,,,,,,,,,
2022-03-20,,,,,,,109.67,109.96,110.0,109.67
2022-03-21,202.0,,,,,,109.96,110.06,110.07,109.96
2022-03-22,202.0,,,,,,110.06,110.17,110.18,110.06
2022-03-23,201.0,,,,,,110.17,110.12,110.17,110.06
2022-03-24,,,,,,,110.12,110.38,110.39,110.06
2022-03-25,202.0,,,,,,,,,
2022-03-26,,,,,,,,,,
2022-03-27,,,,,,,,,,
2022-03-28,200.0,,,,,,110.38,110.68,110.7,110.06
2022-03-29,200.0,,,,,,110.68,110.8,110.82,110.68
2022-03-30,201.0,,,,,,110.8,110.88,110.93,110.8
2022-03-31,200.0,,,,,,110.88,111.0,111.0,110.88
2022-04-01,199.0,,,,,,111.0,111.12,111.12,110.89
2022-04-02,,,,,,,,,,
2022-04-03,,,,,,,,,,
2022-04-04,199.0,,,,,,111.12,111.57,111.57,111.02
2022-04-05,196.0,,,,,,111.57,111.69,111.72,111.44
2022-04-06,196.0,,,,,,111.69,111.83,111.84,111.59
2022-04-07,196.0,,,,,,111.83,111.97,111.98,111.59
2022-04-08,196.0,,,,,,111.97,112.15,112.16,111.86
2022-04-09,,,,,,,,,,
2022-04-10,,,,,,,,,,
2022-04-11,195.0,,,,,,112.15,112.47,112.6,112.15
2022-04-12,195.0,,,,,,112.47,112.65,112.76,112.47
2022-04-13,195.0,,,,,,112.65,112.95,112.95,112.65
2022-04-14,,,,,,,112.95,112.81,112.95,112.81
2022-04-15,,,,,,,112.81,112.89,112.9,112.81
2022-04-16,,,,,,,,,,
2022-04-17,,,,,,,,,,
2022-04-18,195.0,,,,,,112.89,113.61,113.68,112.89
2022-04-19,197.0,,,,,,113.61,113.78,113.79,113.61
2022-04-20,199.5,,,,,,113.78,113.96,113.97,113.67
2022-04-21,201.0,,,,,,113.96,114.08,114.11,113.86
2022-04-22,202.5,,,,,,114.08,114.12,114.24,113.97
2022-04-23,,,,,,,,,,
2022-04-24,,,,,,,,,,
2022-04-25,205.0,,,,,,114.12,114.68,114.71,114.12
2022-04-26,210.0,,,,,,114.68,114.84,114.84,114.58
2022-04-27,209.0,,,,,,114.84,115.03,115.04,114.58
2022-04-28,205.0,,,,,,115.03,115.18,115.18,114.92
2022-04-29,199.0,,,,,,115.18,115.31,115.32,115.06
2022-04-30,,,,,,,,,,
2022-05-01,,,,,,,,,,
2022-05-02,201.0,,,,,,115.31,115.73,115.8,115.19
2022-05-03,203.5,,,,,,115.73,115.87,115.88,115.61
2022-05-04,202.0,,,,,,115.87,116.01,116.02,115.75
2022-05-05,201.5,,,,,,116.01,116.15,116.16,115.89
2022-05-06,201.0,,,,,,116.15,116.18,116.3,115.89
2022-05-07,,,,,,,,,,
2022-05-08,,,,,,,,,,
2022-05-09,200.5,,,,,,116.18,116.75,116.75,116.18
2022-05-10,202.0,,,,,,116.75,116.93,116.93,116.75
2022-05-11,205.0,,,,,,116.93,117.08,117.08,116.93
2022-05-12,204.5,,,,,,117.08,117.24,117.26,116.95
2022-05-13,203.0,,,,,,117.25,117.42,117.42,117.14
2022-05-14,,,,,,,,,,
2022-05-15,,,,,,,,,,
2022-05-16,205.0,,,,,,117.42,117.76,117.91,117.31
2022-05-17,207.0,,,,,,117.76,118.07,118.07,117.75
2022-05-18,,,,,,,118.07,118.0,118.07,117.94
2022-05-19,206.0,,,,,,118.0,118.34,118.36,118.0
2022-05-20,204.5,,,,,,118.34,118.48,118.49,118.22
2022-05-21,,,,,,,,,,
2022-05-22,,,,,,,,,,
2022-05-23,206.0,,,,,,118.48,118.82,118.95,118.22
2022-05-24,208.0,,,,,,118.82,118.98,119.1,118.82
2022-05-25,,,,,,,118.98,119.05,119.05,118.98
2022-05-26,207.0,,,,,,119.05,119.4,119.42,118.98
2022-05-27,206.0,,,,,,119.4,119.55,119.56,119.3
2022-05-28,,,,,,,,,,
2022-05-29,,,,,,,,,,
2022-05-30,206.5,,,,,,119.55,120.0,120.0,119.55
2022-05-31,206.0,,,,,,120.0,120.19,120.19,119.89
2022-06-01,206.0,,,,,,120.19,120.32,120.33,120.08
2022-06-02,205.0,,,,,,120.31,120.46,120.48,120.08
2022-06-03,205.0,,,,,,120.46,120.66,120.67,120.34
2022-06-04,,,,,,,,,,
2022-06-05,,,,,,,,,,
2022-06-06,205.5,,,,,,120.66,120.98,121.13,120.56
2022-06-07,206.0,,,,,,120.98,121.27,121.28,120.98
2022-06-08,208.0,,,,,,121.27,121.45,121.45,121.27
2022-06-09,207.0,,,,,,121.45,121.5,121.63,121.45
2022-06-10,209.0,,,,,,121.5,121.79,121.79,121.5
2022-06-11,,,,,,,,,,
2022-06-12,,,,,,,,,,
2022-06-13,215.0,,,,,,121.79,122.29,122.3,121.5
2022-06-14,221.0,,,,,,122.29,122.5,122.51,122.17
2022-06-15,221.0,,,,,,122.5,122.69,122.73,122.39
2022-06-16,216.0,,,,,,122.69,122.91,122.91,122.69
2022-06-17,,,,,,,122.91,122.85,122.91,122.8
2022-06-18,,,,,,,,,,
2022-06-19,,,,,,,,,,
2022-06-20,,,,,,,122.85,122.85,122.85,122.85
2022-06-21,220.0,,,,,,122.85,123.67,123.72,122.78
2022-06-22,224.0,,,,,,123.67,123.85,123.87,123.56
2022-06-23,224.0,,,,,,123.85,124.08,124.08,123.73
2022-06-24,225.0,,,,,,124.08,124.24,124.26,124.08
2022-06-25,,,,,,,,,,
2022-06-26,,,,,,,,,,
2022-06-27,230.0,,,,,,124.24,124.66,124.72,124.24
2022-06-28,238.0,,,,,,124.66,124.87,124.88,124.58
2022-06-29,238.0,,,,,,124.87,125.04,125.04,124.87
2022-06-30,238.0,,,,,,125.04,125.21,125.21,125.04
2022-07-01,238.0,,,,,,125.21,125.45,125.45,125.21
2022-07-02,,,,,,,,,,
2022-07-03,,,,,,,,,,
2022-07-04,267.0,,,,,,125.45,125.96,126.0,125.45
2022-07-05,257.0,,,,,,125.96,126.18,126.2,125.83
2022-07-06,250.0,,,,,,126.18,126.36,126.39,126.06
2022-07-07,255.0,,,,,,126.36,126.42,126.57,126.36
2022-07-08,270.0,,,,,,126.42,126.66,126.79,126.06
2022-07-09,,,,,,,,,,
2022-07-10,,,,,,,,,,
2022-07-11,267.0,,,,,,126.66,127.35,127.38,126.66
2022-07-12,270.0,,,,,,127.35,127.58,127.58,127.35
2022-07-13,278.0,,,,,,127.58,127.82,127.82,127.45
2022-07-14,288.0,,,,,,127.82,128.0,128.01,127.82
2022-07-15,295.0,,,,,,128.0,128.22,128.24,128.0
2022-07-16,,,,,,,,,,
2022-07-17,,,,,,,,,,
2022-07-18,291.0,,,,,,128.22,128.75,128.91,128.22
2022-07-19,301.0,,,,,,128.75,129.14,129.14,128.75
2022-07-20,317.0,,,,,,129.14,129.38,129.4,129.14
2022-07-21,336.0,,,,,,129.38,129.59,129.61,129.38
2022-07-22,341.0,,,,,,129.59,129.73,129.78,129.47
2022-07-23,,,,,,,,,,
2022-07-24,,,,,,,,,,
2022-07-25,319.0,,,,,,129.73,130.39,130.4,129.47
2022-07-26,321.0,,,,,,130.39,130.54,130.67,130.26
2022-07-27,326.0,,,,,,130.54,130.9,130.9,130.54
2022-07-28,315.0,,,,,,130.9,131.12,131.12,130.75
2022-07-29,298.0,,,,,,131.12,131.26,131.27,131.12
2022-07-30,,,,,,,,,,
2022-07-31,,,,,,,,,,
2022-08-01,281.0,,,,,,131.26,131.89,131.95,131.12
2022-08-02,290.0,,,,,,131.89,132.06,132.19,131.52
2022-08-03,298.0,,,,,,132.06,132.41,132.41,132.06
2022-08-04,291.0,,,,,,132.41,132.64,132.65,132.06
2022-08-05,292.0,,,,,,132.64,132.78,132.95,132.13
2022-08-06,,,,,,,,,,
2022-08-07,,,,,,,,,,
2022-08-08,290.0,,,,,,132.85,133.56,133.56,132.85
2022-08-09,292.0,,,,,,133.56,133.83,133.83,133.44
2022-08-10,295.0,,,,,,133.83,134.0,134.06,133.71
2022-08-11,296.0,,,,,,134.0,134.25,134.27,133.88
2022-08-12,295.0,,,,,,134.25,134.58,134.58,134.25
2022-08-13,,,,,,,,,,
2022-08-14,,,,,,,,,,
2022-08-15,,,,,,,134.58,134.53,134.59,134.46
2022-08-16,291.0,,,,,,134.53,135.2,135.44,134.41
2022-08-17,291.0,,,,,,135.27,135.53,135.57,135.21
2022-08-18,293.0,,,,,,135.53,135.79,135.8,135.4
2022-08-19,293.0,,,,,,135.79,136.15,136.15,135.66
2022-08-20,,,,,,,,,,
2022-08-21,,,,,,,,,,
2022-08-22,292.0,,,,,,136.15,136.64,136.82,136.15
2022-08-23,297.0,,,,,,136.64,136.94,136.94,136.64
2022-08-24,295.0,,,,,,136.94,137.13,137.16,136.81
2022-08-25,292.0,,,,,,137.13,137.38,137.4,136.81
2022-08-26,291.0,,,,,,137.38,137.7,137.7,137.25
2022-08-27,,,,,,,,,,
2022-08-28,,,,,,,,,,
2022-08-29,292.0,,,,,,137.7,138.3,138.34,137.56
2022-08-30,291.0,,,,,,138.3,138.6,138.6,138.3
2022-08-31,290.0,,,,,,138.6,138.72,138.73,138.59
2022-09-01,289.0,,,,,,138.72,139.02,139.02,138.59
2022-09-02,285.0,,,,,,139.02,139.15,139.16,138.88
2022-09-03,,,,,,,,,,
2022-09-04,,,,,,,,,,
2022-09-05,269.0,,,,,,139.15,140.06,140.16,139.15
2022-09-06,272.0,,,,,,140.06,140.56,140.6,140.06
2022-09-07,278.0,,,,,,140.56,140.66,140.83,140.16
2022-09-08,281.0,,,,,,140.66,141.12,141.19,140.66
2022-09-09,274.0,,,,,,141.12,141.37,141.45,140.81
2022-09-10,,,,,,,,,,
2022-09-11,,,,,,,,,,
2022-09-12,273.0,,,,,,141.37,142.27,142.28,141.37
2022-09-13,273.0,,,,,,142.27,142.58,142.58,142.13
2022-09-14,276.0,,,,,,142.58,142.87,142.88,142.28
2022-09-15,275.0,,,,,,142.87,143.18,143.18,142.87
2022-09-16,277.0,,,,,,143.18,143.51,143.51,143.04
2022-09-17,,,,,,,,,,
2022-09-18,,,,,,,,,,
2022-09-19,277.0,,,,,,143.51,144.35,144.4,143.51
2022-09-20,286.0,,,,,,144.35,144.63,144.67,144.22
2022-09-21,289.0,,,,,,144.63,144.89,144.9,144.35
2022-09-22,285.0,,,,,,144.89,145.17,145.17,144.71
2022-09-23,288.0,,,,,,145.17,145.44,145.46,145.03
2022-09-24,,,,,,,,,,
2022-09-25,,,,,,,,,,
2022-09-26,286.0,,,,,,145.44,146.26,146.27,144.71
2022-09-27,291.0,,,,,,146.26,146.56,146.56,146.26
2022-09-28,290.0,,,,,,146.56,146.86,146.86,146.1
2022-09-29,288.0,,,,,,146.86,147.06,147.12,146.72
2022-09-30,288.0,,,,,,147.06,147.31,147.32,146.91
2022-10-01,,,,,,,,,,
2022-10-02,,,,,,,,,,
2022-10-03,284.0,,,,,,147.31,148.23,148.27,147.16
2022-10-04,282.0,,,,,,148.23,148.58,148.59,148.09
2022-10-05,282.0,,,,,,148.58,148.88,148.91,148.58
2022-10-06,276.0,,,,,,148.88,149.17,149.2,148.88
2022-10-07,,,,,,,149.17,149.18,149.18,149.17
2022-10-08,,,,,,,,,,
2022-10-09,,,,,,,,,,
2022-10-10,,,,,,,149.18,149.17,149.18,149.16
2022-10-11,279.0,,,,,,149.17,150.69,150.74,149.03
2022-10-12,288.0,,,,,,150.69,151.0,151.03,150.53
2022-10-13,291.0,,,,,,151.0,151.29,151.31,150.85
2022-10-14,290.0,,,,,,151.29,151.67,151.67,151.15
2022-10-15,,,,,,,,,,
2022-10-16,,,,,,,,,,
2022-10-17,287.0,,,,,,151.67,152.5,152.58,151.51
2022-10-18,290.0,,,,,,152.5,152.82,152.83,152.35
2022-10-19,292.0,,,,,,152.82,153.17,153.18,152.82
2022-10-20,291.0,,,,,,153.17,153.48,153.5,153.01
2022-10-21,290.0,,,,,,153.48,153.79,153.82,153.48
2022-10-22,,,,,,,,,,
2022-10-23,,,,,,,,,,
2022-10-24,291.0,,,,,,153.79,154.57,154.74,153.79
2022-10-25,293.0,,,,,,154.57,155.07,155.07,154.57
2022-10-26,292.0,,,,,,155.07,155.39,155.42,154.91
2022-10-27,290.0,,,,,,155.39,155.69,155.7,155.39
2022-10-28,291.0,,,,,,155.69,156.0,156.04,155.53
2022-10-29,,,,,,,,,,
2022-10-30,,,,,,,156.0,156.89,156.9,155.84
2022-10-31,291.0,,,,,,156.89,157.27,157.27,156.74
2022-11-01,290.0,,,,,,157.28,157.59,157.62,157.28
2022-11-02,291.0,,,,,,157.59,157.76,157.96,157.41
2022-11-03,289.0,,,,,,157.76,158.29,158.31,157.44
2022-11-04,287.0,,,,,,,,,
2022-11-05,,,,,,,,,,
2022-11-06,,,,,,,158.29,159.34,159.34,158.13
2022-11-07,290.0,,,,,,159.34,159.71,159.72,159.34
2022-11-08,290.0,,,,,,159.71,160.02,160.07,159.56
2022-11-09,291.0,,,,,,160.02,160.23,160.4,160.0
2022-11-10,292.0,,,,,,160.23,160.7,160.72,160.23
2022-11-11,293.0,,,,,,,,,
2022-11-12,,,,,,,,,,
2022-11-13,,,,,,,160.7,161.76,161.76,160.7
2022-11-14,293.0,,,,,,161.76,162.12,162.13,161.76
2022-11-15,302.0,,,,,,162.12,162.45,162.46,161.96
2022-11-16,307.0,,,,,,162.45,162.78,162.8,162.45
2022-11-17,307.0,,,,,,162.78,163.17,163.17,162.62
2022-11-18,306.0,,,,,,,,,
2022-11-19,,,,,,,,,,
2022-11-20,,,,,,,163.17,163.17,163.17,163.0
2022-11-21,,,,,,,163.17,164.49,164.52,163.0
2022-11-22,307.0,,,,,,164.49,164.75,164.83,164.49
2022-11-23,312.0,,,,,,164.75,165.17,165.17,164.75
2022-11-24,318.0,,,,,,165.17,165.58,165.61,165.03
2022-11-25,320.0,,,,,,,,,
2022-11-26,,,,,,,,,,
2022-11-27,,,,,,,165.58,166.6,166.64,165.58
2022-11-28,318.0,,,,,,166.6,166.96,166.97,166.41
2022-11-29,317.0,,,,,,166.96,167.28,167.3,166.79
2022-11-30,314.0,,,,,,167.28,167.55,167.72,167.25
2022-12-01,314.0,,,,,,167.55,168.08,168.1,167.55
2022-12-02,311.0,,,,,,,,,
2022-12-03,,,,,,,,,,
2022-12-04,,,,,,,168.08,169.14,169.14,168.07
2022-12-05,311.0,,,,,,169.14,169.49,169.59,169.14
2022-12-06,314.0,,,,,,169.49,169.71,169.9,169.32
2022-12-07,316.0,,,,,,169.71,169.71,169.85,169.71
2022-12-08,,,,,,,169.71,169.85,169.85,169.71
2022-12-09,,,,,,,,,,
2022-12-10,,,,,,,,,,
2022-12-11,,,,,,,169.85,171.19,171.43,169.85
2022-12-12,313.0,,,,,,171.28,171.78,171.78,171.28
2022-12-13,315.0,,,,,,171.78,172.05,172.13,171.6
2022-12-14,320.0,,,,,,172.05,172.4,172.43,171.6
2022-12-15,320.0,,,,,,172.4,172.69,172.74,172.24
2022-12-16,320.0,,,,,,,,,
2022-12-17,,,,,,,,,,
2022-12-18,,,,,,,172.69,173.6,173.66,172.24
2022-12-19,321.0,,,,,,173.6,173.91,173.93,173.44
2022-12-20,326.0,,,,,,173.91,174.26,174.26,173.44
2022-12-21,325.0,,,,,,174.26,174.53,174.59,174.09
2022-12-22,330.0,,,,,,174.53,174.82,174.87,174.09
2022-12-23,340.0,,,,,,,,,
2022-12-24,,,,,,,,,,
2022-12-25,,,,,,,174.82,175.72,175.75,174.82
2022-12-26,345.0,,,,,,175.72,176.05,176.08,175.56
2022-12-27,355.0,,,,,,176.05,176.38,176.38,175.88
2022-12-28,357.0,,,,,,176.38,176.78,176.78,176.38
2022-12-29,354.0,,,,,,176.78,176.74,177.13,176.6
2022-12-30,347.0,,,,,,,,,
2022-12-31,,,,,,,,,,
2023-01-01,,,,,,,176.74,178.1,178.1,176.74
2023-01-02,344.0,,,,,,178.1,178.36,178.45,178.1
2023-01-03,353.0,,,,,,178.36,178.47,178.66,178.36
2023-01-04,354.0,,,,,,178.57,178.93,178.96,178.57
2023-01-05,353.0,,,,,,178.93,179.24,179.25,178.76
2023-01-06,354.0,,,,,,,,,
2023-01-07,,,,,,,,,,
2023-01-08,,,,,,,179.24,180.1,180.15,179.06
2023-01-09,355.0,,,,,,180.1,180.38,180.41,180.09
2023-01-10,357.0,,,,,,180.38,180.67,180.69,180.19
2023-01-11,358.0,,,,,,180.67,180.97,180.97,180.66
2023-01-12,361.0,,,,,,180.97,181.25,181.28,180.78
2023-01-13,368.0,,,,,,,,,
2023-01-14,,,,,,,,,,
2023-01-15,,,,,,,181.25,182.15,182.15,181.25
2023-01-16,368.0,,,,,,182.15,182.49,182.5,182.15
2023-01-17,377.0,,,,,,182.49,182.8,182.8,182.49
2023-01-18,376.0,,,,,,182.8,183.1,183.13,182.62
2023-01-19,374.0,,,,,,183.1,183.44,183.44,183.1
2023-01-20,375.0,,,,,,,,,
2023-01-21,,,,,,,,,,
2023-01-22,,,,,,,183.44,184.36,184.38,183.25
2023-01-23,375.0,,,,,,184.36,184.49,184.7,184.18
2023-01-24,381.0,,,,,,184.49,184.84,185.04,184.49
2023-01-25,382.0,,,,,,184.84,185.31,185.32,184.84
2023-01-26,385.0,,,,,,185.31,185.61,185.65,185.12
2023-01-27,386.0,,,,,,,,,
2023-01-28,,,,,,,,,,
2023-01-29,,,,,,,185.61,186.56,186.58,185.43
2023-01-30,386.0,,,,,,186.56,186.98,186.98,186.56
2023-01-31,382.0,,,,,,186.98,187.24,187.32,186.79
2023-02-01,377.0,,,,,,187.26,187.57,187.63,187.25
2023-02-02,378.0,,,,,,187.57,188.0,188.0,187.38
2023-02-03,379.0,,,,,,,,,
2023-02-04,,,,,,,,,,
2023-02-05,,,,,,,188.0,189.1,189.11,188.0
2023-02-06,377.0,,,,,,189.1,189.51,189.51,189.1
2023-02-07,377.0,,,,,,189.51,189.84,189.88,189.32
2023-02-08,379.0,,,,,,189.84,190.19,190.22,189.84
2023-02-09,380.0,,,,,,190.19,190.51,190.54,190.0
2023-02-10,377.0,,,,,,,,,
2023-02-11,,,,,,,,,,
2023-02-12,,,,,,,190.51,191.65,191.65,190.28
2023-02-13,378.0,,,,,,191.65,191.99,192.02,191.65
2023-02-14,381.0,,,,,,191.99,192.37,192.45,191.79
2023-02-15,379.0,,,,,,192.37,192.82,192.82,192.37
2023-02-16,377.0,,,,,,192.82,192.99,193.2,192.81
2023-02-17,377.0,,,,,,,,,
2023-02-18,,,,,,,,,,
2023-02-19,,,,,,,192.99,192.99,192.99,192.99
2023-02-20,377.0,,,,,,192.99,192.98,193.18,192.98
2023-02-21,377.0,,,,,,192.98,194.95,194.99,192.98
2023-02-22,377.0,,,,,,194.95,195.31,195.35,194.75
2023-02-23,379.0,,,,,,195.31,195.7,195.75,195.12
2023-02-24,379.0,,,,,,,,,
2023-02-25,,,,,,,,,,
2023-02-26,,,,,,,195.7,196.79,196.81,195.7
2023-02-27,377.0,,,,,,196.78,197.15,197.17,196.78
2023-02-28,375.0,,,,,,197.15,197.55,197.58,197.15
2023-03-01,375.0,,,,,,197.55,197.86,197.91,197.55
2023-03-02,375.0,,,,,,197.86,198.27,198.27,197.66
2023-03-03,377.0,,,,,,,,,
2023-03-04,,,,,,,,,,
2023-03-05,,,,,,,198.27,199.34,199.35,198.07
2023-03-06,375.0,,,,,,199.34,199.66,199.68,199.34
2023-03-07,372.0,,,,,,199.66,199.97,200.03,199.47
2023-03-08,371.0,,,,,,199.97,200.35,200.38,199.97
2023-03-09,378.0,,,,,,200.35,200.73,200.74,200.15
2023-03-10,373.0,,,,,,,,,
2023-03-11,,,,,,,,,,
2023-03-12,,,,,,,200.73,200.64,200.73,200.53
2023-03-13,373.0,,,,,,200.64,202.09,202.18,200.64
2023-03-14,377.0,,,,,,202.09,202.56,202.56,201.88
2023-03-15,377.0,,,,,,202.56,202.93,202.95,202.51
2023-03-16,379.0,,,,,,202.93,203.33,203.35,202.93
2023-03-17,383.0,,,,,,,,,
2023-03-18,,,,,,,,,,
2023-03-19,,,,,,,203.33,204.51,204.52,203.12
2023-03-20,383.0,,,,,,204.51,205.01,205.01,204.31
2023-03-21,386.0,,,,,,205.01,205.36,205.41,204.81
2023-03-22,394.0,,,,,,205.36,205.75,205.79,205.36
2023-03-23,391.0,,,,,,205.75,205.54,205.75,205.54
2023-03-24,,,,,,,,,,
2023-03-25,,,,,,,,,,
2023-03-26,,,,,,,,,,
2023-03-27,389.0,,,,,,205.54,207.41,207.42,205.54
2023-03-28,390.0,,,,,,207.41,207.82,207.85,207.21
2023-03-29,397.0,,,,,,207.82,208.29,208.29,207.62
2023-03-30,393.0,,,,,,208.29,208.56,208.61,208.24
2023-03-31,393.0,,,,,,208.56,208.98,208.99,208.35
2023-04-01,,,,,,,,,,
2023-04-02,,,,,,,,,,
2023-04-03,395.0,,,,,,208.98,210.34,210.35,208.78
2023-04-04,392.0,,,,,,210.34,210.75,210.83,210.13
2023-04-05,392.0,,,,,,210.75,211.22,211.25,210.56
2023-04-06,,,,,,,211.22,211.23,211.23,211.0
2023-04-07,,,,,,,211.23,211.21,211.23,211.21
2023-04-08,,,,,,,,,,
2023-04-09,,,,,,,,,,
2023-04-10,392.0,,,,,,211.21,213.37,213.39,211.0
2023-04-11,391.0,,,,,,213.37,213.76,213.82,212.94
2023-04-12,394.0,,,,,,213.76,214.23,214.28,213.54
2023-04-13,398.0,,,,,,214.23,214.67,214.69,214.01
2023-04-14,400.0,,,,,,214.67,215.09,215.1,214.46
2023-04-15,,,,,,,,,,
2023-04-16,,,,,,,,,,
2023-04-17,408.0,,,,,,215.09,216.37,216.37,214.88
2023-04-18,,,,,,,216.37,216.93,216.93,216.16
2023-04-19,418.0,,,,,,216.93,217.46,217.49,216.72
2023-04-20,432.0,,,,,,217.46,217.99,218.05,217.46
2023-04-21,445.0,,,,,,217.99,218.5,218.51,217.78
2023-04-22,,,,,,,,,,
2023-04-23,,,,,,,,,,
2023-04-24,465.0,,,,,,218.5,220.22,220.25,218.28
2023-04-25,490.0,,,,,,220.22,220.87,220.89,220.0
2023-04-26,473.0,,,,,,220.87,221.53,221.58,220.66
2023-04-27,467.0,,,,,,221.53,222.0,222.04,221.31
2023-04-28,468.0,,,,,,222.0,222.64,222.64,221.78
2023-04-29,,,,,,,,,,
2023-04-30,,,,,,,,,,
2023-05-01,469.0,448.61,446.52,452.99,443.52,70753.45,222.64,222.68,222.68,222.64
2023-05-02,473.0,446.28,444.97,449.26,438.94,149568.3,,,,
2023-05-03,468.0,444.6,442.13,448.37,438.99,118330.16,,,,
2023-05-04,468.0,443.63,440.56,446.0,439.49,103135.35,225.7,225.65,225.7,225.65
2023-05-05,469.0,439.22,444.4,446.23,428.96,143911.39,225.67,226.2,226.67,225.44
2023-05-06,,445.7,444.89,446.55,443.0,66363.39,,,,
2023-05-07,,445.11,447.38,449.74,444.9,41488.38,,,,
2023-05-08,469.0,448.44,445.99,450.24,444.31,78994.24,226.2,226.2,226.2,226.2
2023-05-09,471.0,447.27,445.7,449.15,444.25,95200.1,227.6,228.05,228.1,227.38
2023-05-10,471.0,445.88,445.98,448.09,444.53,136101.19,228.09,228.52,228.55,227.87
2023-05-11,475.0,446.7,452.46,452.71,445.2,98911.08,228.52,228.95,229.0,228.52
2023-05-12,474.0,453.04,453.65,481.6,447.85,225997.55,228.95,229.2,229.4,228.72
2023-05-13,,455.26,453.15,458.5,448.57,84627.53,,,,
2023-05-14,,454.2,453.72,454.99,452.54,47506.67,,,,
2023-05-15,477.0,453.95,462.96,464.71,451.8,84115.54,229.2,230.64,230.65,229.2
2023-05-16,488.0,463.55,470.67,477.65,461.45,141670.99,230.64,231.1,231.24,230.41
2023-05-17,487.0,471.01,469.22,476.25,461.17,137704.33,231.1,231.6,231.85,230.87
2023-05-18,486.0,469.27,476.7,478.94,467.78,168025.79,231.6,232.1,232.3,231.37
2023-05-19,488.0,476.7,478.04,481.91,476.15,101178.89,232.1,232.75,232.85,231.88
2023-05-20,,478.97,476.38,480.37,476.13,69379.35,,,,
2023-05-21,,477.0,476.59,478.5,475.85,66093.57,,,,
2023-05-22,488.0,476.76,481.03,481.19,474.17,189337.18,232.75,234.32,234.5,232.57
2023-05-23,491.0,480.56,479.64,482.52,477.56,198846.84,234.32,234.92,234.94,234.13
2023-05-24,492.0,479.87,480.22,482.48,478.21,253419.68,234.92,235.72,235.72,234.69
2023-05-25,493.0,479.44,478.17,480.38,477.51,90203.75,235.72,235.72,235.72,235.49
2023-05-26,493.0,479.02,475.54,479.57,474.79,83789.22,235.72,235.72,235.72,235.49
2023-05-27,,474.92,472.31,475.57,471.19,78857.35,,,,
2023-05-28,,471.5,475.94,476.25,470.98,63843.89,,,,
2023-05-29,492.0,476.03,479.55,479.65,473.07,153791.25,235.72,238.15,238.15,235.72
2023-05-30,492.0,478.85,475.59,482.24,473.9,281958.35,238.15,238.8,238.85,237.96
2023-05-31,490.0,477.15,479.43,479.43,475.8,153046.44,238.8,239.47,239.47,238.8
2023-06-01,488.0,479.42,478.4,481.34,477.55,234358.31,239.47,240.15,240.17,239.22
2023-06-02,490.0,479.09,479.66,481.2,478.5,225294.97,240.15,240.82,240.82,240.0
2023-06-03,,479.4,480.35,489.5,479.06,123714.27,,,,
2023-06-04,,480.26,480.25,480.7,479.56,72069.75,,,,
2023-06-05,488.0,480.16,483.45,487.56,478.25,338594.01,240.82,242.45,242.59,240.82
2023-06-06,486.0,482.44,478.55,485.19,477.8,239542.75,242.45,243.19,243.2,242.25
2023-06-07,484.0,478.96,482.59,485.8,478.06,285112.72,243.19,243.5,243.85,242.94
2023-06-08,485.0,483.1,486.89,488.27,481.64,288279.61,243.5,244.39,244.4,243.5
2023-06-09,484.0,486.83,487.5,489.0,483.74,342556.85,244.39,244.97,245.02,244.15
2023-06-10,,489.23,487.54,490.8,485.3,181324.97,,,,
2023-06-11,,487.91,487.0,488.31,485.25,107627.73,,,,
2023-06-12,483.0,486.63,488.4,489.35,485.98,242613.7,244.97,246.72,246.82,244.72
2023-06-13,486.0,489.0,490.03,491.88,488.3,215214.94,246.72,247.12,247.35,246.35
2023-06-14,494.0,490.03,494.05,497.5,489.99,374137.0,247.12,247.94,247.94,246.85
2023-06-15,487.0,493.85,490.5,494.95,483.0,259396.25,247.94,248.47,248.65,247.69
2023-06-16,492.0,490.62,488.9,491.85,487.36,200768.76,248.47,249.27,249.35,248.22
2023-06-17,,488.62,488.43,488.77,488.33,114820.0,,,,
2023-06-18,,488.76,489.06,489.26,488.71,94127.38,,,,
2023-06-19,,489.22,485.22,489.47,484.82,84857.88,249.27,249.31,249.31,249.27
2023-06-20,,485.9,484.19,486.65,480.5,125469.17,249.31,249.31,249.31,249.06
2023-06-21,491.0,484.2,492.52,494.93,482.1,324742.97,249.31,251.87,252.1,249.06
2023-06-22,493.0,492.53,498.22,499.47,491.69,416437.99,251.87,252.57,252.57,251.87
2023-06-23,496.0,498.56,502.54,505.07,497.76,330083.32,252.57,253.02,253.1,252.57
2023-06-24,,501.08,497.23,502.38,496.98,113973.46,,,,
2023-06-25,,499.99,499.27,501.99,496.31,118999.6,,,,
2023-06-26,492.0,499.64,500.59,501.78,497.35,270796.07,253.02,254.39,254.67,253.02
2023-06-27,494.0,500.59,499.66,502.37,498.31,328124.33,254.39,255.2,255.2,254.1
2023-06-28,495.0,501.22,496.86,502.42,496.4,228174.86,255.2,255.87,255.87,254.96
2023-06-29,493.0,498.04,495.96,499.49,494.61,358718.93,255.87,256.2,256.32,255.59
2023-06-30,493.0,495.16,496.19,498.5,494.2,351812.46,256.2,256.7,256.72,256.2
2023-07-01,,497.38,497.21,498.43,495.65,258823.95,,,,
2023-07-02,,496.81,496.5,497.81,495.14,161837.31,,,,
2023-07-03,494.0,496.05,493.85,497.44,492.2,362046.34,256.7,257.94,258.3,256.7
2023-07-04,495.0,493.54,495.71,496.75,492.44,576471.45,259.05,259.05,259.05,259.05
2023-07-05,493.0,495.11,497.79,499.25,494.67,328806.72,259.05,259.57,259.92,258.9
2023-07-06,491.0,498.09,502.35,504.0,497.93,393538.67,259.57,260.35,260.45,259.3
2023-07-07,492.0,501.28,502.58,504.18,499.0,422502.26,260.35,260.95,261.02,260.11
2023-07-08,,502.73,503.0,503.98,502.31,190207.68,,,,
2023-07-09,,503.07,502.74,504.12,502.37,140801.39,,,,
2023-07-10,495.0,503.25,502.86,503.95,500.12,331069.52,260.97,262.54,262.75,260.7
2023-07-11,499.0,502.8,506.65,507.5,502.75,272434.11,262.54,263.2,263.35,262.27
2023-07-12,499.0,506.76,508.84,510.64,505.31,318685.51,263.2,263.97,263.97,262.95
2023-07-13,506.0,508.83,515.85,516.35,506.81,588746.89,263.97,264.37,264.55,263.71
2023-07-14,520.0,516.61,528.35,529.95,516.14,465081.59,264.37,265.0,265.19,264.1
2023-07-15,,528.43,527.5,528.65,526.61,203861.16,,,,
2023-07-16,,527.69,529.47,529.47,527.47,113344.83,,,,
2023-07-17,521.0,529.62,527.0,531.55,524.94,393186.35,265.0,266.74,266.8,265.0
2023-07-18,519.0,526.83,518.41,527.77,518.05,445352.57,266.74,267.34,267.65,266.48
2023-07-19,527.0,518.45,521.86,522.96,516.8,420714.45,267.34,268.0,268.3,267.34
2023-07-20,525.0,521.54,521.23,523.14,519.11,362542.75,268.0,268.55,268.8,268.0
2023-07-21,528.0,520.95,522.0,523.26,519.5,238823.87,268.55,269.4,269.45,268.55
2023-07-22,,521.59,521.21,522.39,520.76,183176.02,,,,
2023-07-23,,522.2,524.16,524.76,519.46,123217.0,,,,
2023-07-24,550.0,524.46,536.53,537.03,523.8,406963.72,269.4,271.02,271.29,269.4
2023-07-25,541.0,536.89,532.52,542.28,529.56,343554.71,271.02,271.6,271.74,270.75
2023-07-26,547.0,532.16,536.64,541.88,528.61,405375.98,271.62,272.45,272.45,271.33
2023-07-27,550.0,536.72,537.42,539.15,534.48,294894.45,272.45,272.95,273.05,272.45
2023-07-28,551.0,537.62,536.65,542.0,532.92,417443.95,272.95,273.6,273.7,272.95
2023-07-29,,537.04,535.04,538.85,533.64,178822.6,,,,
2023-07-30,,534.76,536.45,537.2,533.59,140453.24,,,,
2023-07-31,550.0,536.43,540.53,542.19,532.67,320889.26,273.6,275.25,275.27,273.6
2023-08-01,558.0,540.27,548.21,552.23,537.0,473782.46,275.25,276.17,276.17,275.25
2023-08-02,558.0,547.48,561.0,572.55,546.38,405942.63,276.17,277.35,277.35,275.88
2023-08-03,574.0,561.86,570.42,588.24,558.85,424792.3,277.35,278.05,278.35,277.35
2023-08-04,572.0,570.0,576.3,578.11,565.8,412878.9,278.05,279.25,279.35,278.05
2023-08-05,,576.15,577.04,578.2,574.01,193978.05,,,,
2023-08-06,,576.85,576.93,578.4,572.78,157709.25,,,,
2023-08-07,594.0,576.8,591.7,596.76,574.68,384141.54,279.25,283.15,283.2,279.25
2023-08-08,590.0,591.9,596.12,602.4,584.3,425678.9,283.15,284.05,284.35,283.15
2023-08-09,598.0,596.75,592.2,601.52,581.5,398747.37,284.05,285.15,285.25,284.05
2023-08-10,606.0,592.92,595.73,597.12,587.4,465762.37,285.15,286.15,286.2,284.87
2023-08-11,607.0,597.6,616.85,620.55,592.6,630281.22,286.15,287.3,287.3,286.15
2023-08-12,,616.94,637.04,646.37,611.82,378531.25,,,,
2023-08-13,,636.97,651.74,673.25,613.36,441358.22,,,,
2023-08-14,685.0,652.23,645.4,672.47,632.91,867213.07,287.3,349.87,349.97,287.3
2023-08-15,715.0,645.37,710.23,717.0,642.5,603080.21,349.87,349.95,350.02,349.58
2023-08-16,780.0,710.25,738.98,746.36,710.08,624609.94,349.97,349.95,350.0,349.95
2023-08-17,760.0,739.97,732.9,753.5,715.95,594739.59,349.95,349.95,349.97,349.61
2023-08-18,735.0,733.0,725.39,742.5,713.9,370491.64,349.95,349.95,350.02,349.94
2023-08-19,,725.31,708.88,729.19,703.13,211628.28,,,,
2023-08-20,,711.3,711.55,719.95,704.28,121563.52,,,,
2023-08-21,,711.47,701.42,718.5,696.18,207780.35,349.95,349.67,350.02,349.67
2023-08-22,725.0,702.04,730.34,733.9,689.9,375161.68,349.67,349.95,350.02,349.52
2023-08-23,735.0,730.17,733.95,739.85,723.0,338689.34,349.95,349.97,350.0,349.52
2023-08-24,725.0,734.25,737.96,743.95,725.49,336521.06,349.97,349.95,349.97,349.95
2023-08-25,725.0,737.57,746.92,759.12,734.5,376532.38,349.95,350.0,350.0,349.61
2023-08-26,,747.6,746.79,750.95,743.5,162338.54,,,,
2023-08-27,,747.25,747.68,749.33,743.5,181478.55,,,,
2023-08-28,730.0,748.86,763.63,775.5,745.0,642904.75,350.0,349.95,350.0,349.65
2023-08-29,745.0,763.62,778.63,785.02,760.0,758965.76,349.95,349.95,349.95,349.61
2023-08-30,740.0,779.93,779.11,796.35,768.5,796544.69,349.95,349.65,350.0,349.61
2023-08-31,730.0,779.43,766.16,786.75,755.2,625417.46,349.65,349.95,350.0,349.65
2023-09-01,730.0,765.73,745.6,777.55,734.5,830303.53,349.95,349.7,350.05,349.7
2023-09-02,,745.28,741.71,750.88,729.0,262912.5,,,,
2023-09-03,,741.1,746.03,750.65,736.0,167627.89,,,,
2023-09-04,735.0,747.12,733.12,749.67,724.41,607766.31,349.7,350.0,350.0,349.7
2023-09-05,723.0,733.73,742.8,745.6,724.0,566877.25,350.0,349.95,350.0,349.65
2023-09-06,720.0,741.5,749.14,754.99,740.53,511937.14,349.95,349.95,350.0,349.95
2023-09-07,715.0,748.85,732.82,750.26,727.0,444352.65,349.95,349.95,350.02,349.61
2023-09-08,705.0,733.33,721.47,738.0,705.5,394945.85,349.95,349.95,350.01,349.61
2023-09-09,,720.33,721.45,724.82,714.48,192424.03,,,,
2023-09-10,,721.83,720.61,726.74,716.54,159043.83,,,,
2023-09-11,717.0,720.16,722.89,726.5,715.06,276158.29,349.99,349.95,350.0,349.95
2023-09-12,728.0,722.88,731.23,733.46,721.75,255180.88,349.95,349.97,349.97,349.95
2023-09-13,735.0,731.87,729.37,736.72,727.83,350195.37,349.97,350.0,350.0,349.95
2023-09-14,725.0,728.46,724.2,733.48,722.5,307183.24,350.0,349.97,350.0,349.95
2023-09-15,718.0,724.42,723.44,730.65,714.95,495514.89,349.97,349.67,350.02,349.62
2023-09-16,,724.87,722.64,726.01,714.59,164631.92,,,,
2023-09-17,,723.11,727.11,727.56,719.45,105820.56,,,,
2023-09-18,735.0,727.18,729.04,732.54,721.1,432285.22,349.67,349.97,350.02,349.62
2023-09-19,740.0,729.89,732.12,733.75,726.88,271135.48,349.97,349.97,350.0,349.95
2023-09-20,735.0,731.42,737.35,739.95,729.2,358143.21,349.95,349.97,350.05,349.62
2023-09-21,745.0,737.25,744.0,746.69,734.38,548604.58,349.97,350.0,350.0,349.73
2023-09-22,745.0,744.0,741.37,749.5,737.93,516369.91,350.0,350.0,350.0,349.95
2023-09-23,,741.34,735.4,743.64,734.0,168252.98,,,,
2023-09-24,,735.33,736.0,739.19,730.15,112142.24,,,,
2023-09-25,743.0,735.38,748.6,751.64,732.4,251774.23,350.0,350.0,350.02,349.95
2023-09-26,752.0,748.13,768.11,771.0,746.08,650443.76,350.0,350.0,350.02,349.95
2023-09-27,773.0,767.52,776.83,782.39,765.5,689526.26,350.0,349.95,350.05,349.95
2023-09-28,785.0,776.35,800.73,807.5,774.6,802964.54,349.95,350.0,350.02,349.95
2023-09-29,805.0,800.03,807.29,820.84,787.66,934697.96,350.0,350.0,350.01,349.95
2023-09-30,,807.35,807.29,811.3,796.35,253308.01,,,,
2023-10-01,,805.37,813.36,813.87,801.95,288982.76,,,,
2023-10-02,798.0,813.56,815.08,824.15,805.06,956347.0,350.0,349.95,350.05,349.95
2023-10-03,805.0,816.2,845.17,899.85,811.36,1198388.95,349.95,350.0,350.02,349.95
2023-10-04,845.0,844.05,885.8,893.5,825.5,2034363.26,350.0,350.01,350.02,350.0
2023-10-05,843.0,886.43,873.85,902.46,866.5,1083533.59,350.01,350.0,350.02,349.95
2023-10-06,895.0,872.83,874.35,881.5,860.9,804580.72,350.0,349.71,350.05,349.62
2023-10-07,,874.35,872.16,879.4,862.0,268069.32,,,,
2023-10-08,,872.46,881.7,883.38,867.01,197318.57,,,,
2023-10-09,930.0,880.75,918.35,918.85,869.55,779141.76,349.71,349.95,349.95,349.71
2023-10-10,1025.0,918.1,974.75,994.5,902.36,1114407.45,349.95,350.05,350.05,349.67
2023-10-11,1020.0,974.75,950.56,1002.85,924.04,846738.67,350.07,350.07,350.07,349.71
2023-10-12,970.0,950.56,945.06,962.5,937.62,682211.05,350.07,350.07,350.07,349.95
2023-10-13,,945.4,936.73,961.0,932.36,294800.28,350.07,350.07,350.07,350.07
2023-10-14,,936.77,928.27,943.8,919.4,253016.78,,,,
2023-10-15,,928.08,942.53,944.36,919.91,164651.61,,,,
2023-10-16,,943.44,945.18,950.27,933.97,274652.63,350.07,350.04,350.07,350.04
2023-10-17,985.0,945.08,976.65,980.24,939.05,711378.26,350.04,349.91,350.06,349.7
2023-10-18,930.0,978.95,979.66,985.0,965.8,753145.86,349.91,350.05,350.05,349.91
2023-10-19,900.0,979.5,1046.6,1047.45,971.79,763523.91,350.05,349.95,350.07,349.65
2023-10-20,900.0,1046.7,1234.53,1238.88,1038.07,1314102.79,349.97,349.61,350.0,349.61
2023-10-21,,1227.38,1207.8,1264.03,1159.72,879645.45,,,,
2023-10-22,,1208.91,1060.03,1246.13,965.5,1008366.9,,,,
2023-10-23,1100.0,1061.29,995.61,1062.96,946.5,928819.88,349.61,350.02,350.02,349.61
2023-10-24,1075.0,985.73,945.44,997.92,910.0,611679.45,350.02,349.95,350.02,349.61
2023-10-25,1000.0,944.1,909.07,953.37,856.05,793670.18,349.95,349.95,350.05,349.61
2023-10-26,980.0,905.4,905.9,929.23,891.08,750751.61,349.95,349.6,350.02,349.6
2023-10-27,990.0,905.9,890.54,913.75,871.25,525713.6,349.6,350.03,350.03,349.6
2023-10-28,,890.59,890.38,896.69,878.29,256076.68,,,,
2023-10-29,,888.25,899.95,902.8,883.75,222130.92,350.03,349.95,350.03,349.95
2023-10-30,970.0,900.13,884.76,911.45,863.65,599172.8,349.95,349.95,350.02,349.61
2023-10-31,920.0,884.85,881.11,903.4,869.55,620066.8,349.95,349.95,350.02,349.95
2023-11-01,915.0,882.42,876.36,902.29,869.0,881040.02,349.95,350.0,350.0,349.95
2023-11-02,915.0,879.25,882.4,886.45,874.45,757367.52,350.0,349.95,350.02,349.67
2023-11-03,920.0,882.32,875.54,890.36,868.11,751502.73,,,,
2023-11-04,,873.92,877.79,880.65,871.15,372713.3,,,,
2023-11-05,,878.3,880.94,884.03,874.55,305665.47,349.95,350.0,350.02,349.95
2023-11-06,,880.12,863.51,884.88,860.46,794055.82,350.0,349.67,350.02,349.67
2023-11-07,890.0,864.46,842.53,873.15,821.69,930002.25,349.67,349.95,350.02,349.67
2023-11-08,890.0,841.82,863.55,869.95,826.67,1095044.01,349.95,349.95,350.01,349.95
2023-11-09,950.0,863.16,895.99,898.95,854.45,1095090.01,349.95,349.61,350.0,349.61
2023-11-10,955.0,896.09,896.84,910.95,887.68,904006.21,,,,
2023-11-11,,900.81,891.0,903.08,886.04,478801.72,,,,
2023-11-12,,893.0,906.44,911.0,889.25,294501.32,349.61,349.97,350.0,349.61
2023-11-13,925.0,906.45,894.15,914.11,880.55,643540.78,349.97,350.07,350.07,349.95
2023-11-14,925.0,893.85,901.2,907.45,886.8,800587.57,350.07,352.6,353.07,350.05
2023-11-15,1000.0,901.35,916.77,922.5,896.53,771603.02,352.6,353.45,353.47,352.6
2023-11-16,960.0,916.77,911.67,933.5,879.3,919533.43,353.45,353.95,354.0,352.61
2023-11-17,950.0,911.85,982.12,982.5,892.05,1036543.64,,,,
2023-11-18,,982.34,952.0,997.84,926.92,820955.02,,,,
2023-11-19,,949.33,1023.56,1100.7,929.15,1344610.32,353.95,353.83,353.95,353.12
2023-11-20,,1026.47,959.95,1039.03,940.17,1105784.43,353.83,355.97,356.07,353.83
2023-11-21,1075.0,959.95,926.65,986.29,855.5,1040962.12,355.97,356.45,356.55,355.97
2023-11-22,1075.0,927.61,966.17,997.91,919.75,1041818.42,356.45,356.95,356.95,356.45
2023-11-23,1055.0,966.11,979.29,992.0,958.05,774159.69,356.95,357.55,357.55,356.95
2023-11-24,1000.0,979.17,949.12,992.93,941.55,961227.22,,,,
2023-11-25,,954.33,937.3,956.75,908.35,366595.32,,,,
2023-11-26,,937.3,942.03,947.5,929.25,294939.26,357.55,358.95,359.04,357.55
2023-11-27,995.0,942.65,925.79,949.92,914.0,652237.48,358.95,359.5,359.54,358.95
2023-11-28,975.0,925.81,882.65,930.8,870.0,645756.06,359.52,359.95,360.05,359.5
2023-11-29,930.0,884.75,855.85,894.33,843.33,637616.45,359.95,360.45,360.57,359.52
2023-11-30,895.0,853.95,852.5,866.6,809.94,1048309.32,360.45,360.68,361.05,360.45
2023-12-01,955.0,855.21,902.33,940.15,842.5,963234.02,,,,
2023-12-02,,902.32,901.5,913.0,895.0,501331.33,,,,
2023-12-03,,902.72,909.45,919.39,898.81,350066.99,360.68,362.45,362.55,360.68
2023-12-04,950.0,907.51,901.88,942.36,896.25,1051218.85,362.45,363.04,363.05,362.45
2023-12-05,910.0,901.56,922.16,931.05,892.1,1410298.5,363.04,363.55,363.57,363.0
2023-12-06,930.0,922.04,925.99,931.45,914.26,1196625.8,363.55,363.91,364.07,363.55
2023-12-07,995.0,924.65,998.89,1000.64,922.17,1472487.17,363.91,363.7,363.91,363.7
2023-12-08,,995.78,1008.22,1017.57,984.19,934547.57,,,,
2023-12-09,,1007.3,1030.2,1032.82,997.65,715802.23,,,,
2023-12-10,,1028.62,1007.8,1045.0,977.55,1039681.46,363.7,365.62,365.99,363.7
2023-12-11,980.0,1006.12,995.3,1026.99,965.01,1260135.77,365.62,366.45,366.49,365.62
2023-12-12,1005.0,995.24,1100.91,1154.95,984.77,1609354.87,366.45,799.95,799.96,366.45
2023-12-13,1115.0,1112.28,1032.72,1177.95,1017.05,1665405.23,799.95,800.52,800.52,799.95
2023-12-14,995.0,1032.64,1004.25,1044.7,992.5,1055556.91,800.52,801.05,801.07,800.52
2023-12-15,970.0,1004.34,984.05,1012.5,976.62,958681.78,,,,
2023-12-16,,984.41,982.59,994.5,977.79,597023.95,,,,
2023-12-17,,987.62,989.03,993.05,981.45,343558.38,801.05,802.62,802.62,801.05
2023-12-18,985.0,987.41,965.45,993.07,955.0,1048845.58,802.62,803.17,803.17,802.61
2023-12-19,995.0,967.7,972.29,979.2,951.5,1086960.64,803.17,803.7,803.72,803.17
2023-12-20,995.0,971.17,969.32,981.85,896.61,1085146.9,803.7,804.2,804.25,803.7
2023-12-21,975.0,969.77,954.35,977.1,947.7,972045.46,804.2,804.75,804.77,804.2
2023-12-22,980.0,954.5,956.62,974.9,932.09,1067213.97,,,,
2023-12-23,,956.1,966.65,967.25,949.6,661779.29,,,,
2023-12-24,,966.5,985.47,989.45,963.68,536125.24,804.75,804.75,804.75,804.75
2023-12-25,,980.07,978.37,992.0,973.97,353191.35,806.85,804.79,806.85,804.79
2023-12-26,995.0,978.79,964.18,985.5,941.0,1073220.04,806.85,807.4,807.42,806.85
2023-12-27,1000.0,963.8,957.85,975.5,935.0,1218561.55,807.4,807.95,807.95,807.4
2023-12-28,1000.0,957.8,954.01,965.3,922.5,1647565.76,807.95,808.45,808.45,807.95
2023-12-29,1015.0,954.16,985.02,1059.41,949.76,1158946.36,,,,
2023-12-30,,983.85,984.83,994.0,974.5,647494.88,,,,
2023-12-31,,984.83,989.85,995.3,980.55,519788.99,808.45,808.45,808.45,808.45
2024-01-01,,989.8,979.7,996.0,976.5,456212.72,808.45,810.6,810.7,808.45
2024-01-02,1015.0,981.25,975.31,986.69,970.0,1454477.52,810.6,810.64,811.1,810.6
2024-01-03,1005.0,976.24,1014.29,1024.45,974.66,1120420.3,810.64,811.7,811.7,810.64
2024-01-04,1015.0,1013.5,1044.99,1056.75,1005.15,1054524.03,811.7,812.2,812.2,811.7
2024-01-05,1020.0,1044.87,1082.3,1093.95,1031.0,1167487.22,,,,
2024-01-06,,1082.29,1084.63,1093.45,1074.61,628539.0,,,,
2024-01-07,,1083.3,1086.72,1090.43,1077.14,477894.35,812.2,813.84,813.84,812.2
2024-01-08,1030.0,1086.37,1130.47,1165.0,1062.25,1820035.56,813.84,814.3,814.34,813.84
2024-01-09,1120.0,1131.44,1179.01,1190.95,1126.7,1361698.96,814.3,814.9,814.94,813.85
2024-01-10,1150.0,1179.45,1166.9,1185.94,1164.47,1147262.01,814.9,815.4,815.44,814.9
2024-01-11,1120.0,1169.58,1140.45,1177.84,1138.41,1145734.33,815.4,816.0,816.04,815.4
2024-01-12,1120.0,1141.18,1138.95,1153.59,1125.0,1081183.0,,,,
2024-01-13,,1138.78,1138.5,1145.35,1132.54,572423.58,,,,
2024-01-14,,1139.35,1133.79,1146.0,1127.55,402406.8,816.0,817.6,817.6,816.0
2024-01-15,1135.0,1135.74,1135.03,1155.35,1121.85,872370.06,817.6,818.1,818.15,817.6
2024-01-16,1160.0,1135.32,1177.62,1194.39,1128.57,1613640.67,818.1,818.6,818.64,818.1
2024-01-17,1240.0,1177.95,1248.18,1258.99,1174.35,1841454.35,818.6,819.2,819.2,818.6
2024-01-18,1240.0,1248.49,1273.5,1287.95,1243.43,1368991.46,819.2,819.7,819.74,819.2
2024-01-19,1225.0,1273.22,1259.36,1285.93,1254.76,1196332.65,,,,
2024-01-20,,1261.74,1253.84,1265.5,1244.53,478444.09,,,,
2024-01-21,,1253.51,1253.95,1261.25,1234.5,376632.39,819.7,821.4,821.44,819.7
2024-01-22,1235.0,1253.95,1280.37,1296.99,1246.51,1242828.86,821.4,821.9,821.94,821.4
2024-01-23,1240.0,1280.45,1283.94,1303.15,1275.12,938181.94,821.9,822.4,822.44,821.9
2024-01-24,1255.0,1284.68,1280.59,1290.58,1262.45,1141927.84,822.4,823.0,823.04,822.4
2024-01-25,1255.0,1278.92,1263.88,1292.68,1257.06,743372.14,823.0,823.5,823.54,823.0
2024-01-26,1220.0,1263.82,1236.55,1270.49,1223.01,1032924.88,,,,
2024-01-27,,1237.94,1222.95,1239.75,1219.55,497213.49,,,,
2024-01-28,,1222.75,1227.32,1232.39,1220.45,349156.5,823.5,825.24,825.24,823.5
2024-01-29,1225.0,1227.27,1247.76,1254.95,1211.51,993979.69,825.24,825.7,825.74,825.24
2024-01-30,1215.0,1247.67,1234.78,1267.89,1232.55,1556944.52,825.7,826.3,826.3,825.7
2024-01-31,1195.0,1235.12,1213.89,1249.12,1201.05,1344341.44,826.3,826.8,826.84,826.3
2024-02-01,1185.0,1213.95,1238.61,1261.95,1205.11,2337957.5,826.84,827.3,827.34,826.8
2024-02-02,1180.0,1238.9,1237.38,1282.5,1232.05,2783916.75,,,,
2024-02-03,,1237.36,1232.28,1248.39,1227.5,617326.96,,,,
2024-02-04,,1231.28,1230.97,1240.0,1227.8,446321.03,827.3,829.0,829.04,827.3
2024-02-05,1170.0,1230.89,1233.78,1261.74,1224.0,2872578.2,829.0,829.5,829.54,829.0
2024-02-06,1140.0,1233.53,1236.59,1253.5,1204.18,2199536.65,829.5,830.1,830.14,829.5
2024-02-07,1175.0,1236.6,1229.13,1251.64,1217.61,2404161.86,830.1,830.6,830.64,830.1
2024-02-08,1145.0,1228.31,1215.08,1243.5,1206.0,2161080.79,830.6,831.2,831.24,830.6
2024-02-09,1145.0,1211.38,1187.29,1239.95,1180.15,2728386.56,,,,
2024-02-10,,1187.21,1183.87,1197.99,1174.85,738676.1,,,,
2024-02-11,,1179.1,1186.33,1191.0,1176.1,447716.21,831.2,831.29,831.29,831.2
2024-02-12,,1186.36,1190.88,1197.4,1182.47,790725.01,831.29,831.29,831.29,831.29
2024-02-13,,1191.55,1174.79,1196.45,1165.01,1109550.58,831.29,833.9,833.94,831.29
2024-02-14,1125.0,1176.59,1132.12,1191.2,1125.91,2599562.04,833.9,834.5,834.54,833.9
2024-02-15,1060.0,1134.39,1119.34,1166.0,1115.0,2563928.35,834.5,835.0,835.04,834.5
2024-02-16,1085.0,1119.34,1106.55,1152.5,1070.0,1970340.91,,,,
2024-02-17,,1106.04,1099.25,1117.61,1095.25,938046.87,,,,
2024-02-18,,1098.95,1095.97,1106.86,1094.5,750099.01,835.0,836.7,836.7,835.0
2024-02-19,1110.0,1095.8,1120.34,1145.5,1084.62,2314364.79,836.7,837.2,837.24,836.7
2024-02-20,1110.0,1118.47,1108.36,1140.99,1101.0,2039054.08,837.2,837.8,837.84,837.2
2024-02-21,1115.0,1106.55,1090.62,1122.95,1087.33,1619155.79,837.8,838.3,838.34,837.8
2024-02-22,1085.0,1090.11,1048.7,1103.6,1035.51,2529668.62,838.3,838.9,838.94,838.3
2024-02-23,1085.0,1050.13,1063.95,1091.45,1047.55,3137762.05,,,,
2024-02-24,,1064.0,1044.15,1068.09,1038.6,1881435.49,,,,
2024-02-25,,1042.63,1045.29,1065.72,982.12,1684462.68,838.9,840.6,840.64,838.9
2024-02-26,1080.0,1045.18,1075.03,1092.2,1003.0,2908945.01,840.6,841.1,841.1,840.6
2024-02-27,1075.0,1073.8,1068.03,1087.44,1065.14,3018073.92,841.1,841.7,841.7,840.64
2024-02-28,1045.0,1067.88,1041.55,1077.99,1034.05,3919528.5,841.7,842.3,842.34,841.7
2024-02-29,1030.0,1041.59,1038.4,1063.75,1030.55,5565926.14,842.3,843.0,843.0,842.3
2024-03-01,1040.0,1038.4,1049.41,1064.15,1034.0,5539187.95,,,,
2024-03-02,,1049.81,1037.89,1053.2,1014.07,2355453.51,,,,
2024-03-03,,1037.89,1032.6,1046.6,1023.55,2408581.54,843.0,844.0,844.24,843.0
2024-03-04,1020.0,1032.59,1040.76,1049.3,1021.3,4689719.97,844.0,845.0,845.24,844.0
2024-03-05,1010.0,1042.29,1034.71,1053.2,1027.01,3940519.15,845.0,845.5,845.74,845.0
2024-03-06,995.0,1034.51,1005.24,1051.99,992.5,3675064.99,845.5,846.0,846.0,845.5
2024-03-07,980.0,999.52,1000.0,1017.0,988.15,4684614.21,846.0,846.5,846.74,845.75
2024-03-08,985.0,1000.0,1002.16,1024.95,998.05,4990172.5,,,,
2024-03-09,,1002.12,969.75,1007.7,965.0,3624492.61,,,,
2024-03-10,,967.66,988.86,998.75,966.51,1708959.28,846.5,848.0,848.29,844.89
2024-03-11,990.0,988.9,1007.42,1020.65,981.15,4320945.67,848.0,814.49,848.74,814.49
2024-03-12,1020.0,1006.63,1050.02,1092.45,1004.31,6580498.5,814.5,849.5,849.75,810.44
2024-03-13,1030.0,1049.05,1045.92,1081.24,1036.55,3853120.02,849.5,850.0,850.24,849.5
2024-03-14,1035.0,1045.64,1023.78,1058.49,1006.86,5168249.69,850.0,850.5,850.5,849.75
2024-03-15,1020.0,1024.85,1034.11,1056.73,1017.52,5147263.61,,,,
2024-03-16,,1033.2,1038.83,1044.5,1030.05,1578947.6,,,,
2024-03-17,,1039.67,1041.43,1048.63,1035.05,2041626.01,850.5,852.0,852.24,850.5
2024-03-18,1025.0,1041.38,1058.86,1067.1,1039.0,5762022.48,852.0,853.0,853.0,852.0
2024-03-19,1035.0,1058.72,1073.49,1079.47,1053.45,4833182.88,853.0,852.99,853.0,852.24
2024-03-20,1030.0,1073.35,1066.48,1087.7,1062.9,5554681.4,852.99,853.99,853.99,852.99
2024-03-21,1030.0,1065.36,1074.7,1089.67,1060.69,5075152.94,853.99,854.49,854.74,853.99
2024-03-22,1020.0,1074.7,1061.88,1084.75,1053.51,4958662.95,,,,
2024-03-23,,1061.81,1057.03,1068.0,1049.54,2088738.77,,,,
2024-03-24,,1057.03,1059.68,1063.39,1051.9,1212823.61,854.49,855.99,856.24,854.49
2024-03-25,1020.0,1059.68,1058.18,1076.75,1053.37,7140703.4,856.23,856.49,856.74,856.23
2024-03-26,1015.0,1057.76,1054.05,1069.95,1034.05,9084820.61,856.49,857.49,857.49,856.49
2024-03-27,1010.0,1054.07,1035.25,1069.95,1031.7,8205726.23,857.49,857.48,857.49,857.48
2024-03-28,,1033.69,1028.22,1041.85,1020.11,3391051.51,857.48,857.48,857.5,857.48
2024-03-29,,1028.33,1024.4,1032.1,1019.0,3064923.32,,,,
2024-03-30,,1024.3,1012.38,1027.26,1009.68,2950072.17,,,,
2024-03-31,,1013.58,1008.19,1017.32,1002.6,3097842.08,,,,
2024-04-01,,1008.12,1011.09,1017.82,1002.2,2849190.13,857.48,857.49,857.5,857.48
2024-04-02,,1011.15,1010.83,1024.29,1004.95,2606041.06,857.49,857.5,857.5,857.49
2024-04-03,1005.0,1013.13,1020.41,1047.45,998.06,6289356.09,857.5,857.5,857.5,857.5
2024-04-04,1000.0,1019.75,1028.87,1049.85,1018.36,8438194.12,857.5,861.5,861.74,857.5
2024-04-05,985.0,1028.93,1017.37,1037.45,1010.93,6913742.63,861.5,862.5,862.74,861.5
2024-04-06,,1017.35,1019.0,1022.94,1015.12,2773368.35,,,,
2024-04-07,,1018.95,1024.33,1025.38,1017.01,2102344.85,,,,
2024-04-08,985.0,1022.53,1019.55,1029.65,1015.1,6132578.14,862.5,864.0,864.24,862.5
2024-04-09,990.0,1019.54,1024.48,1034.74,1015.75,7381633.74,864.0,864.5,864.74,864.0
2024-04-10,1000.0,1022.96,1029.27,1033.82,1022.74,6485769.39,864.5,865.24,865.24,864.5
2024-04-11,995.0,1027.61,1030.03,1035.85,1027.0,5554869.48,865.0,865.5,865.5,865.0
2024-04-12,1005.0,1031.57,1045.55,1058.05,1027.28,5904987.07,865.5,866.5,866.74,865.5
2024-04-13,,1045.55,1065.01,1071.0,1036.46,2127615.57,,,,
2024-04-14,,1065.13,1054.22,1069.93,1046.25,1386940.6,,,,
2024-04-15,1005.0,1054.57,1057.05,1064.55,1040.92,4466399.73,866.5,868.0,868.24,866.5
2024-04-16,1040.0,1057.05,1066.25,1073.15,1054.12,4080899.5,868.0,868.5,868.74,868.0
2024-04-17,1035.0,1066.25,1059.57,1073.01,1051.59,2999869.89,868.5,869.0,869.24,868.5
2024-04-18,1030.0,1059.36,1053.22,1067.34,1042.08,3091980.09,869.0,869.5,869.74,869.0
2024-04-19,1015.0,1053.22,1043.43,1058.5,1041.15,4697600.19,869.5,871.0,871.0,869.5
2024-04-20,,1045.8,1042.9,1051.2,1038.71,1724101.45,,,,
2024-04-21,,1042.95,1045.96,1047.24,1041.01,1120256.9,,,,
2024-04-22,1025.0,1044.4,1045.56,1057.14,1041.66,2964777.91,871.0,872.0,872.24,871.0
2024-04-23,1030.0,1045.61,1043.85,1050.44,1039.53,2766650.92,872.0,872.5,872.74,872.0
2024-04-24,1035.0,1042.28,1044.9,1052.7,1040.75,3094268.26,872.5,873.0,873.24,872.5
2024-04-25,1045.0,1044.95,1057.01,1062.75,1044.66,3406018.97,873.0,873.5,873.74,873.0
2024-04-26,1055.0,1057.01,1064.51,1075.35,1056.36,4806194.45,873.5,874.5,874.5,873.5
2024-04-27,,1064.57,1060.26,1070.25,1057.84,1824657.32,,,,
2024-04-28,,1060.3,1063.16,1067.69,1057.4,1516430.01,,,,
2024-04-29,1045.0,1063.16,1073.95,1078.2,1063.15,6157703.5,874.5,876.5,876.5,874.5
2024-04-30,1040.0,1073.95,1073.47,1087.95,1067.5,5675908.66,876.5,876.5,876.74,876.5
2024-05-01,,1074.27,1079.05,1088.81,1069.26,2085767.68,876.5,876.2,876.5,876.2
2024-05-02,1040.0,1079.05,1088.45,1099.99,1074.05,7209901.19,876.2,878.0,878.0,876.2
2024-05-03,1035.0,1089.55,1092.69,1115.0,1059.25,7624761.01,878.0,878.5,878.74,878.0
2024-05-04,,1092.83,1094.74,1099.95,1087.55,1982407.04,,,,
2024-05-05,,1093.05,1094.11,1099.6,1090.62,1690532.48,,,,
2024-05-06,1045.0,1095.7,1089.75,1099.0,1085.05,6141768.44,878.5,880.0,880.24,878.5
2024-05-07,1040.0,1091.18,1082.95,1096.0,1078.51,6545471.96,880.0,880.5,880.5,880.0
2024-05-08,1040.0,1079.75,1070.6,1086.49,1063.76,5250771.1,880.5,881.5,881.74,880.5
2024-05-09,1045.0,1070.6,1068.17,1083.5,1064.61,4682120.62,881.5,882.0,882.24,881.5
2024-05-10,1040.0,1066.95,1056.58,1075.0,1054.8,6754966.48,882.0,882.5,882.5,882.0
2024-05-11,,1056.58,1057.45,1063.09,1052.83,2381648.85,,,,
2024-05-12,,1057.66,1057.13,1061.99,1052.11,2146655.18,,,,
2024-05-13,1045.0,1057.07,1059.15,1064.64,1047.5,5708670.69,882.5,884.0,884.24,882.5
2024-05-14,1060.0,1059.15,1076.74,1079.77,1058.26,3242134.71,884.0,885.0,885.24,884.0
2024-05-15,1080.0,1077.26,1088.12,1095.45,1073.8,3532282.83,885.0,885.5,885.74,885.0
2024-05-16,1100.0,1088.12,1091.31,1094.26,1083.55,1899839.45,885.5,886.0,886.24,885.5
2024-05-17,1105.0,1091.32,1101.65,1111.3,1090.1,2451360.89,886.0,886.5,886.74,886.0
2024-05-18,,1101.52,1101.43,1105.29,1097.55,1229821.87,,,,
2024-05-19,,1100.25,1107.95,1110.0,1098.48,1030953.79,,,,
2024-05-20,1160.0,1108.42,1137.95,1145.0,1104.81,3967903.21,886.5,888.5,888.74,886.5
2024-05-21,1230.0,1137.95,1184.74,1191.35,1132.58,3806088.28,888.5,889.0,889.24,888.5
2024-05-22,1270.0,1184.87,1233.51,1259.45,1181.8,5033880.16,889.0,889.5,889.74,889.0
2024-05-23,1290.0,1235.41,1241.01,1279.5,1225.65,3066502.01,889.5,890.0,890.24,889.5
2024-05-24,1240.0,1243.55,1209.87,1251.76,1196.0,3666492.94,890.0,890.5,890.74,890.0
2024-05-25,,1211.07,1200.2,1214.93,1190.6,1747077.16,,,,
2024-05-26,,1198.36,1198.2,1205.52,1185.07,1304197.17,,,,
2024-05-27,1210.0,1198.15,1220.16,1229.38,1175.55,6316015.25,890.5,893.0,893.0,890.5
2024-05-28,1210.0,1221.34,1211.39,1240.51,1203.08,4405740.28,893.0,893.0,893.24,893.0
2024-05-29,1220.0,1211.34,1208.35,1226.3,1198.5,3869512.15,893.0,893.5,893.74,893.0
2024-05-30,1230.0,1210.51,1205.97,1219.4,1198.55,2860772.95,893.5,894.24,894.5,893.5
2024-05-31,1230.0,1206.42,1226.9,1235.95,1202.31,4707588.8,894.24,895.5,895.5,894.24
2024-06-01,,1226.86,1230.38,1234.4,1223.95,1400072.74,,,,
2024-06-02,,1230.35,1236.21,1237.15,1227.29,1102950.12,,,,
2024-06-03,1235.0,1235.15,1263.59,1270.8,1224.07,7293937.8,895.5,896.0,896.5,895.24
2024-06-04,1265.0,1263.47,1282.45,1304.45,1257.61,7228510.8,896.0,896.5,897.0,895.25
2024-06-05,1255.0,1282.4,1288.16,1290.9,1269.01,7792156.56,896.5,898.0,898.0,896.5
2024-06-06,1250.0,1288.17,1285.18,1296.65,1279.6,7618178.14,898.0,898.0,898.5,897.75
2024-06-07,1260.0,1284.93,1286.85,1296.9,1279.5,6945767.8,898.0,899.0,899.0,898.0
2024-06-08,,1286.8,1292.53,1293.53,1286.8,1643512.48,,,,
2024-06-09,,1291.2,1291.9,1293.75,1289.18,1508443.06,,,,
2024-06-10,1285.0,1291.95,1295.0,1302.5,1286.12,5197750.87,899.0,901.5,901.5,899.0
2024-06-11,1295.0,1293.76,1308.6,1312.45,1292.25,2941762.82,901.5,901.5,902.24,901.0
2024-06-12,1285.0,1309.28,1287.65,1332.97,1281.01,3206978.06,901.5,901.5,902.24,901.5
2024-06-13,1245.0,1286.08,1274.16,1294.09,1245.75,3143606.94,901.5,902.0,902.74,901.5
2024-06-14,1280.0,1274.16,1276.91,1290.0,1264.9,2340477.85,902.0,903.0,903.0,901.5
2024-06-15,,1277.03,1280.72,1285.39,1270.83,1166085.27,,,,
2024-06-16,,1280.7,1288.2,1290.12,1276.75,781892.35,,,,
2024-06-17,,1289.97,1303.85,1305.5,1285.18,1617295.06,903.0,902.49,903.0,902.49
2024-06-18,1305.0,1303.85,1297.1,1316.4,1279.75,4341587.16,902.49,905.5,906.0,902.49
2024-06-19,1300.0,1297.09,1299.54,1303.8,1288.58,2929720.13,905.5,905.74,905.74,905.5
2024-06-20,,1300.81,1299.69,1304.6,1297.55,1838261.08,905.74,905.74,905.74,905.74
2024-06-21,,1299.69,1299.75,1310.28,1296.95,2364364.9,905.74,905.54,905.74,905.54
2024-06-22,,1299.75,1300.78,1305.0,1298.78,1443288.27,,,,
2024-06-23,,1301.84,1304.56,1305.5,1296.1,1162768.48,,,,
2024-06-24,1330.0,1302.76,1323.85,1326.7,1295.51,4010968.94,905.54,908.5,909.24,905.54
2024-06-25,1360.0,1324.64,1334.88,1338.95,1319.55,4407028.97,908.5,909.0,909.5,908.5
2024-06-26,1370.0,1334.26,1349.7,1352.32,1328.82,4601493.09,909.0,910.5,910.5,909.0
2024-06-27,1355.0,1349.7,1341.6,1365.5,1332.62,2029135.19,910.5,910.5,911.74,910.5
2024-06-28,1365.0,1341.62,1365.82,1372.99,1336.55,2242275.2,910.5,911.0,911.99,910.5
2024-06-29,,1365.81,1373.05,1377.11,1360.5,1429778.92,,,,
2024-06-30,,1373.76,1383.33,1387.49,1371.5,1280087.83,,,,
2024-07-01,1405.0,1382.78,1405.7,1410.99,1365.53,2833889.69,911.0,913.0,913.5,911.0
2024-07-02,1425.0,1406.13,1435.78,1443.26,1401.28,2883277.54,913.0,914.0,914.5,913.0
2024-07-03,1410.0,1438.36,1402.15,1450.38,1381.5,3605199.9,914.0,913.5,915.24,913.0
2024-07-04,1395.0,1402.18,1416.61,1435.44,1390.55,2738626.46,913.5,913.5,913.5,913.5
2024-07-05,1420.0,1416.58,1415.14,1437.98,1388.5,3467474.82,913.5,915.0,916.5,913.5
2024-07-06,,1414.6,1425.3,1427.0,1408.1,1238676.0,,,,
2024-07-07,,1423.64,1422.59,1426.99,1414.5,1007739.51,,,,
2024-07-08,1440.0,1421.01,1408.84,1426.01,1399.45,3714612.94,915.0,917.0,917.5,915.0
2024-07-09,,1408.53,1406.55,1416.49,1400.85,1531328.81,917.0,917.0,917.0,917.0
2024-07-10,1440.0,1406.55,1414.52,1415.76,1390.34,4322213.82,917.0,918.5,919.24,917.0
2024-07-11,1465.0,1412.75,1441.77,1448.0,1404.01,4031159.41,918.5,919.0,920.0,918.5
2024-07-12,1500.0,1441.27,1455.87,1466.5,1432.85,4451589.33,919.0,919.0,919.24,918.5
2024-07-13,,1455.0,1445.86,1463.5,1435.5,1810475.18,,,,
2024-07-14,,1445.55,1431.2,1448.95,1425.5,1398206.1,,,,
2024-07-15,1420.0,1429.51,1352.49,1439.5,1340.53,4953858.79,919.0,922.0,922.0,919.0
2024-07-16,1395.0,1351.5,1319.49,1358.01,1287.5,6564631.56,922.0,922.5,923.0,922.0
2024-07-17,1465.0,1319.89,1335.75,1349.15,1309.52,6692166.02,922.5,922.5,923.0,922.0
2024-07-18,1455.0,1336.25,1343.5,1355.45,1330.01,5602253.29,922.5,924.5,924.5,922.5
2024-07-19,1440.0,1343.5,1356.3,1367.5,1342.0,2878499.72,924.5,924.0,925.0,923.0
2024-07-20,,1356.69,1359.57,1362.99,1352.0,1605196.92,,,,
2024-07-21,,1359.53,1359.82,1362.5,1355.5,1191148.66,,,,
2024-07-22,1440.0,1359.82,1360.5,1363.5,1345.51,4668193.02,924.0,925.5,926.24,924.0
2024-07-23,1445.0,1359.04,1364.0,1370.0,1354.25,5929047.35,925.5,925.5,926.24,925.5
2024-07-24,1445.0,1364.0,1360.46,1367.05,1348.51,3806527.31,925.5,927.5,927.74,925.5
2024-07-25,1445.0,1360.46,1357.03,1362.5,1345.57,3389463.93,927.5,929.0,929.0,927.5
2024-07-26,1435.0,1357.03,1336.91,1360.47,1327.25,4502779.92,929.0,928.5,929.0,928.5
2024-07-27,,1338.51,1339.05,1344.49,1335.55,1087977.76,,,,
2024-07-28,,1339.05,1342.88,1346.0,1338.5,839191.51,,,,
2024-07-29,1415.0,1342.91,1325.7,1345.0,1313.8,4740733.57,928.5,931.5,931.5,928.5
2024-07-30,1385.0,1325.84,1300.8,1327.49,1286.28,4833896.48,931.5,932.0,932.0,930.5
2024-07-31,1360.0,1302.49,1319.5,1320.99,1279.99,4162685.03,932.0,930.5,932.0,930.5
2024-08-01,1380.0,1319.0,1326.44,1341.5,1303.0,4206803.06,930.5,931.5,932.49,930.5
2024-08-02,1395.0,1326.6,1339.66,1342.99,1315.55,4149890.99,931.5,933.0,933.0,931.5
2024-08-03,,1339.67,1358.57,1360.0,1337.57,1667261.72,,,,
2024-08-04,,1357.51,1372.55,1380.49,1354.79,1526498.68,,,,
2024-08-05,1395.0,1373.01,1361.92,1425.0,1339.05,7048259.97,933.0,934.5,935.0,933.0
2024-08-06,1370.0,1363.83,1353.05,1374.99,1337.01,4600350.04,934.5,935.0,935.75,934.5
2024-08-07,1380.0,1352.87,1342.24,1354.99,1332.55,3772387.15,935.0,935.5,936.0,935.0
2024-08-08,1375.0,1343.28,1326.58,1345.99,1319.06,3577412.36,935.5,936.0,936.74,935.5
2024-08-09,1355.0,1325.84,1310.25,1331.5,1304.15,3555202.94,936.0,936.5,936.99,936.0
2024-08-10,,1310.25,1311.11,1316.0,1308.25,1311190.41,,,,
2024-08-11,,1310.9,1316.49,1318.5,1309.5,984773.19,,,,
2024-08-12,1350.0,1315.0,1301.94,1322.0,1292.62,4349009.79,936.5,938.5,939.24,936.5
2024-08-13,1355.0,1302.86,1288.94,1305.0,1283.0,3841733.41,938.5,939.5,939.5,938.5
2024-08-14,1355.0,1289.78,1280.22,1290.33,1270.0,3781636.97,939.5,940.0,941.0,939.5
2024-08-15,1350.0,1279.72,1294.49,1300.0,1273.3,2972162.14,940.0,940.5,941.0,940.0
2024-08-16,1345.0,1293.99,1301.61,1309.68,1282.55,2813299.01,940.5,941.0,941.24,940.5
2024-08-17,,1302.1,1305.5,1313.0,1290.1,1109433.57,,,,
2024-08-18,,1305.5,1307.3,1311.99,1304.0,852238.53,,,,
2024-08-19,1350.0,1307.3,1302.25,1311.43,1294.26,3441502.3,941.0,943.0,943.74,941.0
2024-08-20,,1302.25,1308.0,1310.5,1296.52,3549487.59,943.0,943.5,944.0,943.0
2024-08-21,1355.0,1308.0,1303.75,1321.01,1296.51,2747574.12,943.5,943.5,944.24,943.5
2024-08-22,1355.0,1304.25,1304.89,1308.99,1299.0,2371373.53,943.5,945.0,945.0,943.5
2024-08-23,1350.0,1304.86,1301.59,1306.5,1293.0,3114449.47,945.0,945.5,945.5,944.5
2024-08-24,1350.0,1300.42,1300.53,1303.99,1298.26,1247259.59,,,,
2024-08-25,1350.0,1300.52,1301.3,1303.99,1299.58,749809.42,,,,
2024-08-26,1350.0,1303.08,1304.3,1307.5,1293.51,3864608.05,945.5,949.0,949.0,945.5
2024-08-27,1350.0,1305.16,1308.47,1310.0,1298.58,2745932.02,949.0,948.5,949.0,948.5
2024-08-28,1340.0,1309.27,1306.0,1311.99,1301.63,2631230.74,948.5,948.0,949.24,948.0
2024-08-29,1335.0,1305.0,1296.56,1308.0,1290.76,1852212.65,948.0,950.0,950.0,948.0
2024-08-30,1315.0,1296.55,1297.47,1301.5,1286.0,1743920.48,950.0,950.5,951.24,949.0
2024-08-31,1305.0,1296.75,1304.0,1306.61,1296.56,967593.9,,,,
2024-09-01,1305.0,1304.0,1303.5,1309.05,1297.55,949762.54,,,,
2024-09-02,1305.0,1303.0,1298.29,1306.82,1294.26,2026792.81,950.5,952.5,952.5,950.5
2024-09-03,1305.0,1298.28,1300.62,1307.0,1294.16,2102370.77,952.5,953.0,953.5,952.5
2024-09-04,1310.0,1303.28,1298.86,1310.0,1293.65,2402128.97,953.0,953.0,953.74,953.0
2024-09-05,1305.0,1298.18,1272.2,1302.39,1249.0,2900310.25,953.0,953.5,953.74,953.0
2024-09-06,1265.0,1272.35,1270.13,1278.82,1250.53,2869498.09,953.5,956.0,956.0,953.5
2024-09-07,1260.0,1269.0,1267.7,1274.75,1259.51,1064303.07,,,,
2024-09-08,1260.0,1267.74,1261.02,1271.0,1257.62,744908.22,,,,
2024-09-09,1260.0,1264.69,1240.51,1267.0,1232.54,3305226.45,956.0,957.5,957.5,954.01
2024-09-10,1270.0,1243.05,1246.55,1257.5,1233.28,2337166.87,957.5,957.0,957.74,957.0
2024-09-11,1280.0,1250.45,1260.75,1262.0,1244.5,1786791.61,957.0,957.5,958.49,957.0
2024-09-12,1285.0,1260.49,1260.13,1270.5,1253.65,1909961.91,957.5,959.5,959.5,957.5
2024-09-13,1280.0,1260.49,1254.51,1265.0,1248.04,2095968.81,959.5,959.0,959.5,958.5
2024-09-14,1265.0,1254.0,1256.14,1262.0,1253.63,900584.96,,,,
2024-09-15,1265.0,1257.45,1259.54,1261.49,1253.55,552048.09,,,,
2024-09-16,1265.0,1260.05,1256.12,1262.49,1247.56,1839243.54,959.0,960.0,961.24,959.0
2024-09-17,1275.0,1257.28,1250.54,1258.95,1244.8,1518716.56,960.0,961.0,961.25,960.0
2024-09-18,1270.0,1252.16,1241.06,1256.0,1235.1,2380556.38,961.0,962.0,962.24,961.0
2024-09-19,1260.0,1241.06,1227.91,1244.47,1220.25,1801096.83,962.0,962.5,962.74,962.0
2024-09-20,1240.0,1227.5,1213.12,1228.49,1205.55,1854156.55,962.5,962.0,963.0,962.0
2024-09-21,1245.0,1213.49,1211.51,1217.0,1197.55,1206761.92,,,,
2024-09-22,1245.0,1211.5,1214.51,1219.97,1208.26,889046.64,,,,
2024-09-23,1245.0,1214.38,1221.5,1231.49,1208.5,1971327.36,962.0,965.0,965.49,962.0
2024-09-24,1245.0,1221.51,1221.19,1232.5,1214.1,2273645.26,965.0,965.0,966.0,965.0
2024-09-25,1245.0,1223.31,1218.15,1226.5,1214.51,2686268.04,965.0,968.0,968.0,965.0
2024-09-26,1240.0,1218.15,1215.14,1223.08,1195.59,4021303.66,968.0,967.0,968.0,967.0
2024-09-27,1230.0,1217.2,1224.49,1229.83,1212.8,2491628.89,967.0,966.0,967.99,966.0
2024-09-28,1245.0,1223.11,1221.75,1227.1,1215.15,1578675.39,,,,
2024-09-29,1245.0,1221.75,1224.99,1226.5,1219.72,1063585.97,,,,
2024-09-30,1245.0,1225.12,1227.66,1231.99,1217.05,2821425.83,966.0,968.5,969.99,966.0
2024-10-01,1235.0,1227.58,1235.15,1238.3,1220.9,3406743.03,968.5,969.5,970.0,968.5
2024-10-02,1220.0,1235.94,1230.0,1241.26,1226.35,3771236.25,969.5,970.0,970.74,969.5
2024-10-03,1215.0,1230.05,1221.24,1232.75,1215.12,2713989.7,970.0,971.5,971.74,970.0
2024-10-04,1205.0,1221.45,1209.6,1224.47,1204.16,3430471.68,971.5,971.0,971.74,971.0
2024-10-05,1195.0,1209.65,1214.75,1216.93,1207.05,1228267.43,,,,
2024-10-06,1195.0,1214.65,1216.12,1218.03,1210.01,1152129.83,,,,
2024-10-07,1195.0,1215.2,1203.51,1217.7,1201.2,2688118.03,971.0,974.5,974.74,971.0
2024-10-08,1185.0,1203.52,1199.94,1210.76,1195.24,2817076.3,974.5,974.0,975.24,974.0
2024-10-09,1175.0,1199.99,1185.9,1203.99,1178.25,2606699.1,974.0,974.5,975.24,974.0
2024-10-10,1175.0,1185.95,1181.72,1194.15,1175.16,3357857.31,974.5,974.5,975.5,974.5
2024-10-11,1180.0,1180.66,1190.58,1192.25,1178.25,1486516.84,974.5,974.74,974.74,974.5
2024-10-12,1180.0,1190.93,1188.39,1194.6,1185.5,1083090.85,,,,
2024-10-13,1180.0,1189.88,1186.76,1193.09,1185.25,870320.79,,,,
2024-10-14,1180.0,1186.76,1189.7,1191.94,1180.17,2942616.61,974.74,979.5,979.5,974.74
2024-10-15,1190.0,1189.34,1191.21,1194.5,1182.7,2846587.52,979.5,979.0,979.74,979.0
2024-10-16,1235.0,1193.68,1197.43,1200.55,1185.88,2212849.76,979.0,980.0,980.74,979.0
2024-10-17,1220.0,1198.82,1203.62,1206.5,1195.88,1517177.44,980.0,980.5,980.75,980.0
2024-10-18,1220.0,1203.33,1201.62,1207.39,1194.8,2329067.26,980.5,980.5,980.74,980.0
2024-10-19,1225.0,1204.43,1204.3,1205.49,1201.0,988488.67,,,,
2024-10-20,1225.0,1204.25,1203.51,1206.24,1201.75,751663.22,,,,
2024-10-21,1225.0,1204.35,1204.85,1212.62,1196.36,2880960.94,980.5,983.0,983.49,980.5
2024-10-22,1240.0,1204.8,1204.08,1208.84,1199.41,2945073.87,983.0,983.5,984.0,983.0
2024-10-23,1245.0,1204.03,1203.77,1208.99,1193.65,2240943.57,983.5,984.5,985.24,983.5
2024-10-24,1230.0,1203.87,1186.39,1204.24,1178.78,2610688.26,984.5,985.0,985.24,984.5
2024-10-25,1215.0,1186.39,1182.05,1189.95,1172.06,2536902.09,985.0,984.5,985.5,984.5
2024-10-26,1225.0,1183.18,1180.1,1184.75,1176.55,1076455.04,,,,
2024-10-27,1225.0,1180.1,1181.47,1181.95,1175.94,1168238.11,984.5,987.0,987.74,984.5
2024-10-28,1225.0,1180.14,1168.98,1182.0,1164.3,3275731.76,987.5,987.5,987.74,987.5
2024-10-29,1220.0,1167.47,1159.44,1170.7,1147.93,2844106.48,987.5,988.5,989.24,987.5
2024-10-30,1195.0,1159.28,1159.51,1169.0,1153.61,3387838.96,988.5,990.0,990.0,988.5
2024-10-31,1180.0,1159.41,1159.26,1166.75,1153.55,2429978.93,990.0,990.0,990.0,989.5
2024-11-01,1190.0,1159.2,1165.45,1172.78,1154.05,2380876.52,,,,
2024-11-02,1190.0,1165.5,1172.76,1176.85,1160.63,1242403.78,,,,
2024-11-03,1190.0,1175.99,1178.8,1184.5,1171.11,1010971.32,990.0,992.5,992.5,990.0
2024-11-04,1190.0,1178.8,1177.3,1183.0,1167.55,3136648.12,992.5,992.5,992.74,992.5
2024-11-05,1170.0,1174.3,1170.45,1179.35,1161.01,3273900.57,992.5,992.74,992.74,992.5
2024-11-06,1135.0,1166.61,1155.19,1175.35,1150.99,3355943.6,992.74,993.5,994.24,992.74
2024-11-07,1135.0,1155.19,1148.73,1161.9,1146.3,3513010.44,993.5,993.5,994.0,993.5
2024-11-08,1120.0,1148.74,1145.17,1155.09,1122.16,3060926.94,,,,
2024-11-09,1135.0,1145.19,1147.5,1153.45,1141.7,1648495.72,,,,
2024-11-10,1135.0,1147.5,1146.01,1154.2,1144.75,1692784.12,993.5,998.0,998.0,993.5
2024-11-11,1135.0,1146.01,1154.65,1159.0,1142.05,3872233.98,998.0,997.5,998.0,997.5
2024-11-12,1135.0,1154.7,1153.44,1159.95,1145.4,3201857.81,997.5,998.0,998.24,997.5
2024-11-13,1135.0,1153.39,1158.6,1161.0,1147.3,3437980.84,998.0,998.5,998.74,998.0
2024-11-14,1140.0,1158.6,1149.45,1163.9,1140.7,2761377.61,998.5,998.0,999.0,998.0
2024-11-15,1140.0,1149.65,1135.72,1158.09,1123.57,3262728.76,,,,
2024-11-16,1140.0,1135.67,1140.95,1142.75,1132.55,1900818.45,,,,
2024-11-17,1140.0,1141.97,1143.3,1145.5,1138.3,1375549.52,998.0,998.48,998.49,998.0
2024-11-18,1140.0,1144.2,1148.95,1154.99,1140.76,1884453.33,998.48,1001.5,1002.24,998.48
2024-11-19,1140.0,1148.95,1132.25,1155.15,1122.14,3493912.79,1001.5,1002.5,1002.74,1001.5
2024-11-20,1135.0,1132.26,1119.55,1134.4,1118.09,3330238.34,1002.5,1003.5,1004.0,1002.5
2024-11-21,1135.0,1120.53,1121.52,1129.67,1113.2,3675616.99,1003.5,1004.0,1004.0,1003.0
2024-11-22,1130.0,1121.41,1125.16,1129.97,1113.32,4434437.66,,,,
2024-11-23,1135.0,1127.39,1133.76,1143.7,1122.36,2505040.64,,,,
2024-11-24,1135.0,1128.49,1128.57,1136.85,1122.16,1364217.79,1004.0,1006.0,1006.49,1004.0
2024-11-25,1135.0,1127.68,1117.0,1130.65,1110.55,3819428.16,1006.0,1007.0,1007.24,1006.0
2024-11-26,1130.0,1117.0,1118.13,1123.1,1109.26,3234054.56,1007.0,1007.5,1008.0,1007.0
2024-11-27,1135.0,1118.28,1115.58,1120.74,1103.51,3126105.05,1007.5,1009.0,1009.0,1007.5
2024-11-28,1125.0,1116.2,1115.15,1122.7,1107.11,3580815.23,1009.0,1010.0,1010.0,1008.5
2024-11-29,1120.0,1112.66,1115.22,1128.5,1104.53,3729341.56,,,,
2024-11-30,1120.0,1112.52,1114.74,1120.0,1109.06,1983218.88,,,,
2024-12-01,1120.0,1114.4,1116.05,1119.0,1108.55,1840539.52,1011.24,1011.24,1011.24,1011.24
2024-12-02,1120.0,1112.46,1108.14,1119.39,1097.5,4414586.76,1012.0,1011.5,1012.24,1011.5
2024-12-03,1100.0,1107.15,1095.89,1111.6,1085.44,3841756.51,1011.5,1012.0,1012.5,1011.5
2024-12-04,1090.0,1095.85,1096.16,1101.3,1083.6,4220161.53,1012.0,1012.0,1013.49,1012.0
2024-12-05,1080.0,1091.9,1091.88,1100.72,1079.56,4936951.49,1012.0,1012.5,1013.24,1012.0
2024-12-06,1055.0,1091.88,1075.95,1094.9,1065.34,3655821.76,,,,
2024-12-07,1050.0,1075.95,1078.1,1082.49,1072.05,2308430.59,,,,
2024-12-08,1050.0,1078.09,1076.37,1081.8,1073.43,1808563.67,1012.5,1015.5,1015.74,1012.5
2024-12-09,1050.0,1076.11,1081.63,1085.42,1069.3,5052053.46,1015.5,1016.0,1016.5,1015.5
2024-12-10,1065.0,1081.44,1082.99,1094.95,1073.65,4083133.26,1016.0,1016.5,1016.74,1016.0
2024-12-11,1070.0,1083.3,1081.37,1088.49,1076.03,3115679.76,1016.5,1018.0,1018.0,1016.5
2024-12-12,1080.0,1081.32,1087.63,1092.0,1075.06,4477366.02,1018.0,1017.5,1018.0,1017.5
2024-12-13,1095.0,1087.41,1108.05,1111.89,1085.4,4433840.11,,,,
2024-12-14,1105.0,1108.05,1114.91,1121.68,1108.05,1831714.19,,,,
2024-12-15,1105.0,1116.14,1115.65,1120.55,1112.05,1488516.23,1017.5,1020.5,1020.5,1017.5
2024-12-16,1105.0,1115.65,1134.76,1140.5,1110.0,4388394.66,1020.5,1020.0,1021.0,1020.0
2024-12-17,1125.0,1134.77,1177.18,1179.48,1131.51,3969940.23,1020.0,1022.0,1022.0,1020.0
2024-12-18,1165.0,1177.23,1194.68,1211.84,1168.2,5223685.08,1022.0,1021.5,1022.0,1021.5
2024-12-19,1205.0,1194.68,1193.97,1212.99,1164.95,5596918.99,1021.5,1022.0,1022.5,1021.5
2024-12-20,1175.0,1196.35,1195.44,1208.39,1166.35,5392487.43,,,,
2024-12-21,1160.0,1195.48,1198.2,1207.35,1181.5,2516204.7,,,,
2024-12-22,1160.0,1198.26,1206.8,1209.99,1191.39,1627106.16,1022.0,1025.5,1025.5,1022.0
2024-12-23,1160.0,1206.15,1201.27,1212.39,1183.47,6617632.94,1025.5,1025.5,1025.5,1025.5
2024-12-24,1200.0,1201.4,1205.97,1211.2,1194.0,4626743.41,1025.5,1025.5,1025.5,1025.5
2024-12-25,1200.0,1207.24,1205.05,1209.2,1198.54,1135103.01,1025.5,1028.5,1028.5,1025.5
2024-12-26,1200.0,1204.05,1211.7,1216.3,1198.76,8187356.65,1028.5,1028.5,1028.5,1027.01
2024-12-27,1210.0,1211.7,1214.49,1223.85,1192.58,6380714.06,,,,
2024-12-28,1215.0,1214.64,1215.55,1219.96,1210.7,2195797.19,,,,
2024-12-29,1215.0,1215.22,1217.16,1220.35,1212.79,1374499.64,1028.5,1030.0,1030.5,1028.5
2024-12-30,1215.0,1217.48,1224.12,1228.85,1203.66,9508025.32,1030.0,1030.0,1030.0,1030.0
2024-12-31,1230.0,1224.15,1229.06,1235.25,1219.05,2157064.86,1030.0,1030.0,1030.0,1030.0
2025-01-01,1230.0,1229.26,1221.55,1232.43,1220.65,1119543.92,1030.0,1031.7,1031.74,1030.0
2025-01-02,1230.0,1221.6,1205.24,1228.19,1196.75,7940798.26,1031.7,1032.0,1032.5,1031.51
2025-01-03,1215.0,1205.53,1200.85,1207.7,1189.2,5877877.17,,,,
2025-01-04,1205.0,1200.8,1205.12,1208.2,1195.6,2396959.35,,,,
2025-01-05,1205.0,1204.78,1205.67,1210.48,1201.8,1469259.03,1032.0,1034.5,1034.74,1032.0
2025-01-06,1205.0,1207.22,1207.93,1212.61,1198.08,13247543.11,1034.5,1035.0,1035.24,1034.5
2025-01-07,1205.0,1210.8,1210.72,1215.95,1201.01,6446646.72,1035.5,1035.5,1035.74,1035.5
2025-01-08,1215.0,1210.67,1211.87,1215.45,1198.53,8600664.63,1035.5,1036.7,1036.74,1035.5
2025-01-09,1220.0,1210.49,1210.55,1216.4,1200.82,6422185.27,1036.7,1036.5,1036.7,1036.5
2025-01-10,1220.0,1211.6,1214.23,1216.56,1206.91,10067950.43,,,,
2025-01-11,1225.0,1215.1,1216.72,1222.44,1210.51,1456126.92,,,,
2025-01-12,1225.0,1219.02,1220.04,1229.15,1215.3,3335398.68,1036.5,1039.0,1039.24,1036.5
2025-01-13,1225.0,1219.15,1217.81,1233.35,1208.05,7746649.35,1039.0,1040.0,1040.24,1039.0
2025-01-14,1250.0,1218.15,1215.75,1221.85,1206.63,11568323.69,1040.0,1040.5,1040.74,1040.0
2025-01-15,1240.0,1214.15,1210.37,1219.3,1201.98,17748782.77,1040.5,1041.2,1041.24,1040.5
2025-01-16,1225.0,1210.35,1212.32,1217.23,1204.93,14028930.19,1041.2,1041.5,1041.74,1041.01
2025-01-17,1235.0,1215.03,1213.5,1217.56,1207.36,8175185.48,,,,
2025-01-18,1235.0,1213.72,1223.25,1224.9,1208.17,3061414.94,,,,
2025-01-19,1235.0,1224.53,1223.04,1237.65,1213.88,6220721.94,1041.5,1045.5,1045.5,1041.5
2025-01-20,1235.0,1223.99,1221.86,1231.95,1213.05,9746860.59,1045.5,1046.0,1046.0,1044.51
2025-01-21,1240.0,1222.08,1215.42,1225.04,1212.58,8737599.96,1046.0,1047.0,1047.0,1045.51
2025-01-22,1235.0,1213.41,1212.13,1217.03,1205.62,10873083.48,1047.0,1046.5,1047.0,1046.01
2025-01-23,1240.0,1212.3,1208.88,1214.75,1198.77,10032191.76,1046.5,1046.0,1047.0,1046.0
2025-01-24,1240.0,1204.6,1198.53,1206.62,1175.94,16386944.5,,,,
2025-01-25,1225.0,1199.9,1202.51,1205.0,1192.99,2216774.36,,,,
2025-01-26,1225.0,1202.7,1203.8,1209.1,1198.7,3286207.62,1046.0,1049.5,1050.49,1046.0
2025-01-27,1225.0,1201.54,1197.7,1207.64,1192.58,14006352.41,1049.5,1050.0,1050.24,1049.5
2025-01-28,1230.0,1196.71,1195.5,1202.88,1189.73,10556358.37,1050.0,1051.0,1051.0,1050.0
2025-01-29,1230.0,1193.83,1192.49,1198.65,1189.2,10966146.53,1051.0,1051.0,1051.99,1051.0
2025-01-30,1220.0,1190.4,1197.18,1200.34,1187.9,11495568.22,1051.0,1050.5,1051.0,1050.5
2025-01-31,1220.0,1201.05,1204.2,1210.65,1199.55,11352353.9,,,,
2025-02-01,1220.0,1204.83,1209.33,1212.34,1201.12,3504992.3,,,,
2025-02-02,1220.0,1209.28,1216.16,1226.47,1201.1,5771405.07,1050.5,1053.0,1053.25,1050.5
2025-02-03,1220.0,1215.91,1212.32,1223.72,1205.35,13485782.64,1053.0,1053.5,1053.62,1053.0
2025-02-04,1220.0,1214.89,1212.81,1216.85,1206.95,10565951.62,1053.5,1053.75,1054.12,1053.5
2025-02-05,1215.0,1210.74,1212.33,1216.65,1207.75,5478124.38,1053.75,1053.75,1054.12,1053.75
2025-02-06,1215.0,1212.58,1215.1,1218.75,1207.09,7210012.65,1053.75,1053.25,1054.0,1053.01
2025-02-07,1210.0,1215.68,1213.87,1217.4,1208.75,8881436.54,,,,
2025-02-08,1205.0,1212.95,1214.26,1216.47,1212.03,2047361.64,,,,
2025-02-09,1205.0,1215.45,1212.3,1217.78,1206.88,2886596.47,1053.25,1055.75,1055.75,1053.25
2025-02-10,1205.0,1209.51,1205.93,1213.45,1202.45,11274568.7,1055.75,1055.5,1055.75,1055.5
2025-02-11,1205.0,1207.01,1205.9,1209.91,1202.95,9346832.59,1055.5,1056.25,1056.25,1055.5
2025-02-12,1215.0,1205.98,1208.7,1211.13,1203.86,3794479.71,1056.25,1056.8,1056.8,1056.25
2025-02-13,1220.0,1208.7,1211.05,1213.12,1205.64,8397366.78,1056.8,1056.0,1056.8,1056.0
2025-02-14,1225.0,1210.44,1211.51,1214.02,1203.7,9758950.12,,,,
2025-02-15,1220.0,1215.85,1217.78,1220.21,1211.01,1639563.38,,,,
2025-02-16,1220.0,1219.16,1224.47,1226.51,1214.47,2613039.39,1056.0,1059.25,1059.25,1056.0
2025-02-17,1220.0,1228.19,1238.44,1244.35,1221.62,7007405.06,1059.25,1058.0,1059.25,1058.0
2025-02-18,1235.0,1235.94,1226.74,1238.5,1217.62,5185510.57,1058.0,1058.5,1058.5,1058.0
2025-02-19,1235.0,1227.03,1227.85,1230.81,1222.88,5165361.53,1058.5,1058.75,1059.0,1058.5
2025-02-20,1225.0,1228.03,1227.78,1230.71,1221.75,8875707.15,1058.75,1058.25,1058.75,1058.25
2025-02-21,1225.0,1228.98,1232.8,1242.8,1220.78,12435255.85,,,,
2025-02-22,1230.0,1231.14,1228.26,1233.72,1225.65,1744693.13,,,,
2025-02-23,1230.0,1226.0,1227.33,1230.92,1223.59,2397235.42,1058.25,1060.0,1060.37,1058.25
2025-02-24,1230.0,1228.16,1226.62,1230.91,1223.32,8489413.85,1060.0,1060.5,1060.75,1060.0
2025-02-25,1240.0,1228.45,1229.42,1232.58,1224.77,7758427.11,1060.5,1061.0,1061.12,1060.5
2025-02-26,1240.0,1228.12,1228.13,1231.61,1223.26,8172559.59,1061.0,1061.75,1061.99,1061.0
2025-02-27,1230.0,1227.72,1231.41,1234.62,1223.95,7394136.83,1061.75,1063.5,1063.74,1061.26
2025-02-28,1225.0,1231.9,1237.32,1241.05,1227.26,7809426.51,,,,
2025-03-01,1230.0,1236.46,1236.35,1243.72,1227.39,4718313.62,,,,
2025-03-02,1230.0,1236.05,1238.0,1241.09,1231.05,4860358.95,1063.5,1063.6,1063.6,1063.5
2025-03-03,1230.0,1238.8,1235.74,1241.85,1232.65,4179286.64,1063.6,1063.7,1063.7,1063.6
2025-03-04,1230.0,1234.75,1233.69,1237.64,1225.08,6655828.39,1063.7,1063.5,1063.7,1063.01
2025-03-05,1230.0,1235.36,1239.41,1241.12,1230.52,7390371.52,1063.5,1063.5,1063.75,1063.5
2025-03-06,1225.0,1237.87,1238.92,1243.0,1232.05,9090917.38,1063.5,1064.75,1065.0,1063.5
2025-03-07,1215.0,1238.1,1235.38,1239.57,1228.1,7370043.94,,,,
2025-03-08,1215.0,1237.86,1236.5,1240.38,1233.07,1741699.18,,,,
2025-03-09,1215.0,1237.3,1237.34,1239.88,1232.55,3583035.69,1064.75,1065.25,1065.5,1064.75
2025-03-10,1215.0,1235.65,1237.58,1241.2,1231.72,10191036.4,1065.25,1065.5,1065.75,1065.25
2025-03-11,1225.0,1236.2,1238.16,1240.1,1232.64,9442284.84,1065.5,1065.75,1066.1,1065.5
2025-03-12,1220.0,1238.1,1241.31,1242.34,1234.66,3062777.21,1065.75,1066.25,1066.25,1065.75
2025-03-13,1230.0,1241.57,1245.77,1248.68,1239.4,3167691.92,1066.25,1065.75,1066.75,1065.75
2025-03-14,1235.0,1248.43,1253.03,1254.59,1245.65,3089619.45,,,,
2025-03-15,1240.0,1252.11,1254.82,1257.24,1250.75,1212106.97,,,,
2025-03-16,1240.0,1254.82,1261.01,1264.62,1251.5,1836536.44,1065.75,1067.5,1068.5,1065.75
2025-03-17,1240.0,1261.01,1295.4,1296.87,1259.81,4088598.71,1067.5,1067.75,1068.25,1067.5
2025-03-18,1255.0,1295.76,1301.18,1319.33,1277.35,4415625.27,1067.75,1068.75,1069.0,1067.75
2025-03-19,1285.0,1299.95,1294.45,1315.0,1268.5,2774514.31,1068.75,1068.7,1069.0,1068.51
2025-03-20,1280.0,1295.91,1301.24,1307.66,1279.01,2281196.9,1068.7,1068.37,1068.7,1068.01
2025-03-21,1265.0,1301.25,1313.3,1314.33,1297.11,2874399.5,,,,
2025-03-22,1280.0,1313.3,1311.75,1316.04,1308.11,899382.13,,,,
2025-03-23,1280.0,1311.71,1313.65,1316.5,1307.18,1273730.92,1068.4,1068.4,1068.4,1068.39
2025-03-24,1280.0,1313.7,1312.25,1316.35,1307.74,2320459.34,1068.4,1070.5,1070.75,1068.4
2025-03-25,1280.0,1312.12,1311.32,1315.31,1302.73,5956486.42,1070.5,1071.0,1071.25,1070.5
2025-03-26,1295.0,1312.05,1314.17,1317.68,1302.71,5112127.6,1071.0,1071.25,1071.62,1071.0
2025-03-27,1310.0,1313.05,1314.6,1321.39,1298.23,4367578.58,1071.25,1070.5,1071.25,1070.01
2025-03-28,1300.0,1318.34,1325.15,1333.59,1311.08,5235078.39,,,,
2025-03-29,1300.0,1322.93,1329.5,1336.16,1318.7,1638202.54,,,,
2025-03-30,1300.0,1328.95,1326.87,1336.09,1322.78,2974956.56,,,,
2025-03-31,1300.0,1327.22,1328.44,1339.86,1317.39,6587248.25,1070.5,1073.0,1073.12,1070.5
2025-04-01,1325.0,1325.83,1326.26,1329.55,1315.76,4248330.7,1073.0,1072.6,1073.0,1072.26
2025-04-02,1315.0,1326.22,1326.8,1333.54,1317.98,5976531.24,1072.6,1072.8,1072.84,1072.6
2025-04-03,1315.0,1326.03,1328.7,1333.96,1322.16,7005260.4,1072.8,1074.25,1074.25,1072.51
2025-04-04,1310.0,1329.38,1338.07,1339.66,1328.0,5473388.68,1074.25,1073.25,1074.25,1072.51
2025-04-05,1310.0,1339.36,1344.98,1353.85,1338.69,2543703.37,,,,
2025-04-06,1310.0,1345.32,1354.9,1366.4,1342.6,3748648.89,,,,
2025-04-07,1310.0,1362.0,1375.66,1379.74,1360.3,3196790.81,1073.25,1075.0,1076.0,1073.25
2025-04-08,1345.0,1378.79,1384.36,1394.89,1365.02,10013517.83,1075.0,1075.5,1075.75,1075.0
2025-04-09,1360.0,1380.06,1365.07,1388.02,1353.2,6670119.14,1075.5,1076.25,1076.62,1075.5
2025-04-10,1355.0,1368.98,1359.5,1380.81,1347.34,7651121.23,1076.25,1076.0,1076.63,1076.0
2025-04-11,1365.0,1341.39,1334.74,1365.25,1155.2,10426246.09,1076.0,1074.0,1076.0,1074.0
2025-04-12,1375.0,1332.78,1324.55,1338.69,1311.62,3907117.33,,,,
2025-04-13,1375.0,1319.0,1279.2,1324.75,1255.5,5964628.33,,,,
2025-04-14,1375.0,1279.2,1260.76,1288.4,1228.75,13294745.37,1074.0,1194.5,1204.0,1074.0
2025-04-15,1285.0,1263.64,1241.84,1285.77,1192.34,11194767.03,1194.5,1197.0,1200.0,1190.01
2025-04-16,1275.0,1231.61,1205.56,1233.41,1195.6,11979118.49,1197.0,1136.0,1197.0,1135.01
2025-04-17,1250.0,1203.4,1205.22,1209.84,1200.28,2276499.39,1136.0,1136.0,1137.99,1136.0
2025-04-18,1250.0,1205.65,1207.11,1212.8,1201.53,1218180.54,1136.0,1136.0,1136.0,1135.99
2025-04-19,1250.0,1207.12,1206.73,1212.49,1202.71,1796957.35,,,,
2025-04-20,1250.0,1203.56,1188.03,1207.25,1180.93,3910565.91,,,,
2025-04-21,1155.0,1175.78,1144.45,1176.49,1130.46,4806616.29,1136.0,1091.0,1136.0,1070.51
2025-04-22,1155.0,1144.32,1176.64,1185.38,1131.2,4509281.29,1091.0,1101.0,1102.0,1065.01
2025-04-23,1185.0,1175.43,1198.66,1202.0,1161.45,4867911.52,1101.0,1160.0,1160.0,1090.01
2025-04-24,1235.0,1198.66,1215.27,1228.99,1195.75,4019812.69,1160.0,1174.0,1183.0,1150.01
2025-04-25,1210.0,1214.88,1209.45,1219.8,1195.91,4060847.91,1174.0,1168.0,1180.0,1161.01
2025-04-26,1210.0,1209.45,1210.56,1214.65,1207.16,1494180.78,,,,
2025-04-27,1210.0,1210.55,1209.73,1212.75,1207.86,941527.26,1168.0,1177.0,1184.0,1153.01
2025-04-28,1210.0,1207.7,1202.41,1209.55,1189.65,4132482.04,1177.0,1164.0,1183.0,1163.01
2025-04-29,1200.0,1201.22,1203.94,1205.97,1196.12,3978767.66,1164.0,1170.5,1174.0,1155.01
2025-04-30,1190.0,1203.94,1205.4,1206.65,1199.94,2596612.1,1170.5,1170.5,1170.5,1170.5
2025-05-01,1185.0,1203.95,1204.8,1205.75,1200.65,1374202.74,1170.5,1172.73,1172.73,1170.5
2025-05-02,1185.0,1204.7,1204.92,1205.9,1200.53,2119435.11,,,,
2025-05-03,1185.0,1204.82,1205.69,1206.64,1202.51,1179486.74,,,,
2025-05-04,1185.0,1205.69,1206.25,1208.14,1202.66,530492.31,1170.5,1200.0,1200.0,1160.01
2025-05-05,1185.0,1207.14,1208.38,1210.18,1201.66,4192731.58,1200.0,1200.0,1200.0,1200.0
2025-05-06,1200.0,1210.51,1212.7,1215.0,1208.28,2228355.28,1194.0,1143.0,1204.5,1143.0
2025-05-07,1185.0,1195.2,1178.68,1200.24,1171.14,4484901.38,1143.0,1143.0,1143.0,1143.0
2025-05-08,1175.0,1170.13,1162.82,1171.95,1156.46,4614897.97,1110.0,1110.0,1110.0,1110.0
2025-05-09,1175.0,1162.56,1163.72,1168.35,1152.45,4894427.24,,,,
2025-05-10,1175.0,1171.5,1171.16,1174.55,1164.65,1076701.89,,,,
2025-05-11,1175.0,1165.4,1164.45,1170.83,1156.95,2852699.62,1125.0,1129.0,1132.0,1116.01
2025-05-12,1170.0,1165.22,1164.76,1168.53,1157.68,4406583.63,1129.0,1129.0,1129.0,1129.0
2025-05-13,1160.0,1162.7,1163.88,1165.72,1156.3,3110078.79,1124.5,1124.5,1124.5,1124.5
2025-05-14,1165.0,1163.9,1163.83,1171.0,1160.35,2787931.29,1131.0,1131.0,1131.0,1131.0
2025-05-15,1160.0,1167.69,1177.22,1178.46,1165.32,3443676.84,1137.5,1142.0,1148.0,1130.01
2025-05-16,1165.0,1175.76,1180.2,1181.82,1175.12,2449401.75,,,,
2025-05-17,1165.0,1178.5,1179.73,1181.72,1177.55,506082.34,,,,
2025-05-18,1165.0,1177.96,1179.06,1182.22,1173.66,541502.95,1142.0,1142.0,1142.0,1142.0
2025-05-19,1170.0,1174.76,1173.13,1179.05,1166.29,3082875.7,1138.0,1138.0,1138.0,1138.0
2025-05-20,1170.0,1173.74,1175.72,1177.22,1172.95,2598340.77,1142.5,1142.5,1142.5,1142.5
2025-05-21,1175.0,1173.7,1169.83,1175.25,1166.49,4503662.81,1146.0,1135.5,1148.0,1135.01
2025-05-22,1165.0,1169.83,1167.31,1172.93,1164.45,2844418.33,1135.5,1135.5,1135.5,1135.5
2025-05-23,1170.0,1164.8,1169.93,1169.95,1162.76,3071641.17,,,,
2025-05-24,1170.0,1168.63,1169.8,1170.8,1167.6,496959.51,,,,
2025-05-25,1170.0,1169.5,1167.75,1170.7,1165.2,2323160.41,1131.0,1143.0,1144.0,1125.01
2025-05-26,1170.0,1167.5,1169.95,1170.68,1165.96,2305390.47,1143.0,1143.0,1143.0,1143.0
2025-05-27,1165.0,1174.9,1181.08,1183.01,1173.3,1847385.1,1156.0,1156.0,1156.0,1156.0
2025-05-28,1170.0,1182.62,1181.2,1185.76,1176.12,2652462.27,1160.0,1160.0,1160.0,1160.0
2025-05-29,1170.0,1188.16,1200.66,1202.34,1186.65,1254938.38,1183.0,1183.0,1183.0,1183.0
2025-05-30,1180.0,1201.17,1207.95,1213.76,1201.01,2572503.19,,,,
2025-05-31,1180.0,,,,,,,,,
